Workbook

Sheet Index
A1: Team | C1: Standings
A2: Anaheim Ducks | C2: Daily Standings
A3: Boston Bruins
A4: Buffalo Sabres
A5: Calgary Flames
A6: Carolina Hurricanes
A7: Chicago Blackhawks
A8: Colorado Avalanche
A9: Columbus Blue Jackets
A10: Dallas Stars
A11: Detroit Red Wings
A12: Edmonton Oilers
A13: Florida Panthers
A14: Los Angeles Kings
... A33: Winnipeg Jets

Sheet Standings_Daily
A1: October | C1: HOME
A2: Date | B2: Standings
A3: 45937 | B3: Standings
A4: 45938 | B4: Standings
A5: 45939 | B5: Standings
A6: 45941 | B6: Standings
A7: 45942 | B7: Standings
A8: 45943 | B8: Standings
A9: 45944 | B9: Standings
A10: 45945 | B10: Standings
A11: 45946 | B11: Standings
A12: 45947 | B12: Standings
A13: 45948 | B13: Standings
A14: 45949 | B14: Standings
... A26: 45961 | B26: Standings
A27: November
A28: Date | B28: Standings
A29: 45962 | B29: Standings
A30: 45963 | B30: Standings
A31: 45964 | B31: Standings
A32: 45965 | B32: Standings
A33: 45966 | B33: Standings
A34: 45967 | B34: Standings
A35: 45968 | B35: Standings
A36: 45969 | B36: Standings
A37: 45970 | B37: Standings
A38: 45971 | B38: Standings
A39: 45972 | B39: Standings
A40: 45973 | B40: Standings
... A57: 45991 | B57: Standings
A58: December
A59: Date | B59: Standings
A60: 45992 | B60: Standings
A61: 45993 | B61: Standings
A62: 45994 | B62: Standings
A63: 45995 | B63: Standings
A64: 45996 | B64: Standings
A65: 45997 | B65: Standings
A66: 45998 | B66: Standings
A67: 45999 | B67: Standings
A68: 46000 | B68: Standings
A69: 46001 | B69: Standings
A70: 46002 | B70: Standings
A71: 46003 | B71: Standings
... A87: 46022 | B87: Standings
A88: January
A89: Date | B89: Standings
A90: 45658 | B90: Standings
A91: 45659 | B91: Standings
A92: 45660 | B92: Standings
A93: 45661 | B93: Standings
A94: 45662 | B94: Standings
A95: 45663 | B95: Standings
A96: 45664 | B96: Standings
A97: 45665 | B97: Standings
A98: 45666 | B98: Standings
A99: 45667 | B99: Standings
A100: 45668 | B100: Standings
A101: 45669 | B101: Standings
... A120: 45688 | B120: Standings
A121: February
A122: Date | B122: Standings
A123: 45689 | B123: Standings
A124: 45690 | B124: Standings
A125: 45691 | B125: Standings
A126: 45692 | B126: Standings
A127: 45693 | B127: Standings
A128: 45713 | B128: Standings
A129: 45714 | B129: Standings
A130: 45715 | B130: Standings
A131: 45716 | B131: Standings
A132: March
A133: Date | B133: Standings
A134: 45717 | B134: Standings
A135: 45718 | B135: Standings
A136: 45719 | B136: Standings
A137: 45720 | B137: Standings
A138: 45721 | B138: Standings
A139: 45722 | B139: Standings
A140: 45723 | B140: Standings
A141: 45724 | B141: Standings
A142: 45725 | B142: Standings
A143: 45726 | B143: Standings
A144: 45727 | B144: Standings
A145: 45728 | B145: Standings
... A164: 45747 | B164: Standings
A165: April
A166: Date | B166: Standings
A167: 45748 | B167: Standings
A168: 45749 | B168: Standings
A169: 45750 | B169: Standings
A170: 45751 | B170: Standings
A171: 45752 | B171: Standings
A172: 45753 | B172: Standings
A173: 45754 | B173: Standings
A174: 45755 | B174: Standings
A175: 45756 | B175: Standings
A176: 45758 | B176: Standings
A177: 45759 | B177: Standings
A178: 45760 | B178: Standings
...

Sheet Division_League
A1: NHL | B1: Eastern Conference | C1: Western Conference | D1: Eastern Atlantic | E1: Western Central
A2: Anaheim Ducks | B2: Boston Bruins | C2: Anaheim Ducks | D2: Boston Bruins | E2: Chicago Blackhawks
A3: Boston Bruins | B3: Buffalo Sabres | C3: Calgary Flames | D3: Buffalo Sabres | E3: Colorado Avalanche
A4: Buffalo Sabres | B4: Carolina Hurricanes | C4: Chicago Blackhawks | D4: Detroit Red Wings | E4: Dallas Stars
A5: Calgary Flames | B5: Columbus Blue Jackets | C5: Colorado Avalanche | D5: Florida Panthers | E5: Minnesota Wild
A6: Carolina Hurricanes | B6: Detroit Red Wings | C6: Dallas Stars | D6: Montreal Canadiens | E6: Nashville Predators
A7: Chicago Blackhawks | B7: Florida Panthers | C7: Edmonton Oilers | D7: Ottawa Senators | E7: St. Louis Blues
A8: Colorado Avalanche | B8: Montreal Canadiens | C8: Los Angeles Kings | D8: Tampa Bay Lightning | E8: Utah Mammoth
A9: Columbus Blue Jackets | B9: New Jersey Devils | C9: Minnesota Wild | D9: Toronto Maple Leafs | E9: Winnipeg Jets
A10: Dallas Stars | B10: New York Islanders | C10: Nashville Predators | D10: Eastern Metropolitan | E10: Western Pacific
A11: Detroit Red Wings | B11: New York Rangers | C11: San Jose Sharks | D11: Carolina Hurricanes | E11: Anaheim Ducks
A12: Edmonton Oilers | B12: Ottawa Senators | C12: Seattle Kraken | D12: Columbus Blue Jackets | E12: Calgary Flames
... A17: Nashville Predators | B17: Washington Capitals | C17: Winnipeg Jets | D17: Pittsburgh Penguins | E17: Vancouver Canucks
A18: New Jersey Devils | D18: Washington Capitals | E18: Vegas Golden Knights
A19: New York Islanders
A20: New York Rangers
A21: Ottawa Senators
A22: Philadelphia Flyers
A23: Pittsburgh Penguins
A24: San Jose Sharks
A25: Seattle Kraken
A26: St. Louis Blues
A27: Tampa Bay Lightning
A28: Toronto Maple Leafs
A29: Utah Mammoth
A30: Vancouver Canucks
... A33: Winnipeg Jets

Sheet Standings (10_7_25)
A1: Eastern Conference | T1: HOME
A2: Atlantic
A3: Team | B3: GP | C3: W | D3: L | E3: OTL | F3: PTS | G3: RW | H3: ROW | I3: SOW | J3: SOL | K3: Home | L3: Away | M3: Division | N3: Conference | O3: GF | P3: GA | Q3: Diff | R3: Strk | S3: L10
A4: Florida Panthers | B4: 1 | C4: 1 | D4: 0 | E4: 0 | F4: 2 | G4: 1 | H4: 1 | I4: 0 | J4: 0 | K4: 1-0-0 | L4: 0-0-0 | M4: 0-0-0 | N4: 0-0-0 | O4: 3 | P4: 2 | Q4: 1 | R4: W1 | S4: 1-0-0
A5: Boston Bruins | B5: 0 | C5: 0 | D5: 0 | E5: 0 | F5: 0 | G5: 0 | H5: 0 | I5: 0 | J5: 0 | K5: 0-0-0 | L5: 0-0-0 | M5: 0-0-0 | N5: 0-0-0 | O5: 0 | P5: 0 | Q5: 0 | R5: 0-0 | S5: 0-0-0
A6: Buffalo Sabres | B6: 0 | C6: 0 | D6: 0 | E6: 0 | F6: 0 | G6: 0 | H6: 0 | I6: 0 | J6: 0 | K6: 0-0-0 | L6: 0-0-0 | M6: 0-0-0 | N6: 0-0-0 | O6: 0 | P6: 0 | Q6: 0 | R6: 0-0 | S6: 0-0-0
A7: Detroit Red Wings | B7: 0 | C7: 0 | D7: 0 | E7: 0 | F7: 0 | G7: 0 | H7: 0 | I7: 0 | J7: 0 | K7: 0-0-0 | L7: 0-0-0 | M7: 0-0-0 | N7: 0-0-0 | O7: 0 | P7: 0 | Q7: 0 | R7: 0-0 | S7: 0-0-0
A8: Montreal Canadiens | B8: 0 | C8: 0 | D8: 0 | E8: 0 | F8: 0 | G8: 0 | H8: 0 | I8: 0 | J8: 0 | K8: 0-0-0 | L8: 0-0-0 | M8: 0-0-0 | N8: 0-0-0 | O8: 0 | P8: 0 | Q8: 0 | R8: 0-0 | S8: 0-0-0
A9: Ottawa Senators | B9: 0 | C9: 0 | D9: 0 | E9: 0 | F9: 0 | G9: 0 | H9: 0 | I9: 0 | J9: 0 | K9: 0-0-0 | L9: 0-0-0 | M9: 0-0-0 | N9: 0-0-0 | O9: 0 | P9: 0 | Q9: 0 | R9: 0-0 | S9: 0-0-0
A10: Tampa Bay Lightning | B10: 0 | C10: 0 | D10: 0 | E10: 0 | F10: 0 | G10: 0 | H10: 0 | I10: 0 | J10: 0 | K10: 0-0-0 | L10: 0-0-0 | M10: 0-0-0 | N10: 0-0-0 | O10: 0 | P10: 0 | Q10: 0 | R10: 0-0 | S10: 0-0-0
A11: Toronto Maple Leafs | B11: 0 | C11: 0 | D11: 0 | E11: 0 | F11: 0 | G11: 0 | H11: 0 | I11: 0 | J11: 0 | K11: 0-0-0 | L11: 0-0-0 | M11: 0-0-0 | N11: 0-0-0 | O11: 0 | P11: 0 | Q11: 0 | R11: 0-0 | S11: 0-0-0
A12: Metropolitan
A13: Team | B13: GP | C13: W | D13: L | E13: OTL | F13: PTS | G13: RW | H13: ROW | I13: SOW | J13: SOL | K13: Home | L13: Away | M13: Division | N13: Conference | O13: GF | P13: GA | Q13: Diff | R13: Strk | S13: L10
A14: Pittsburgh Penguins | B14: 1 | C14: 1 | D14: 0 | E14: 0 | F14: 2 | G14: 1 | H14: 1 | I14: 0 | J14: 0 | K14: 0-0-0 | L14: 1-0-0 | M14: 1-0-0 | N14: 1-0-0 | O14: 3 | P14: 0 | Q14: 3 | R14: W1 | S14: 1-0-0
A15: Carolina Hurricanes | B15: 0 | C15: 0 | D15: 0 | E15: 0 | F15: 0 | G15: 0 | H15: 0 | I15: 0 | J15: 0 | K15: 0-0-0 | L15: 0-0-0 | M15: 0-0-0 | N15: 0-0-0 | O15: 0 | P15: 0 | Q15: 0 | R15: 0-0 | S15: 0-0-0
A16: Columbus Blue Jackets | B16: 0 | C16: 0 | D16: 0 | E16: 0 | F16: 0 | G16: 0 | H16: 0 | I16: 0 | J16: 0 | K16: 0-0-0 | L16: 0-0-0 | M16: 0-0-0 | N16: 0-0-0 | O16: 0 | P16: 0 | Q16: 0 | R16: 0-0 | S16: 0-0-0
A17: New Jersey Devils | B17: 0 | C17: 0 | D17: 0 | E17: 0 | F17: 0 | G17: 0 | H17: 0 | I17: 0 | J17: 0 | K17: 0-0-0 | L17: 0-0-0 | M17: 0-0-0 | N17: 0-0-0 | O17: 0 | P17: 0 | Q17: 0 | R17: 0-0 | S17: 0-0-0
A18: New York Islanders | B18: 0 | C18: 0 | D18: 0 | E18: 0 | F18: 0 | G18: 0 | H18: 0 | I18: 0 | J18: 0 | K18: 0-0-0 | L18: 0-0-0 | M18: 0-0-0 | N18: 0-0-0 | O18: 0 | P18: 0 | Q18: 0 | R18: 0-0 | S18: 0-0-0
A19: New York Rangers | B19: 1 | C19: 0 | D19: 1 | E19: 0 | F19: 0 | G19: 0 | H19: 0 | I19: 0 | J19: 0 | K19: 0-1-0 | L19: 0-0-0 | M19: 0-1-0 | N19: 0-1-0 | O19: 0 | P19: 3 | Q19: -3 | R19: L1 | S19: 0-1-0
A20: Philadelphia Flyers | B20: 0 | C20: 0 | D20: 0 | E20: 0 | F20: 0 | G20: 0 | H20: 0 | I20: 0 | J20: 0 | K20: 0-0-0 | L20: 0-0-0 | M20: 0-0-0 | N20: 0-0-0 | O20: 0 | P20: 0 | Q20: 0 | R20: 0-0 | S20: 0-0-0
A21: Washington Capitals | B21: 0 | C21: 0 | D21: 0 | E21: 0 | F21: 0 | G21: 0 | H21: 0 | I21: 0 | J21: 0 | K21: 0-0-0 | L21: 0-0-0 | M21: 0-0-0 | N21: 0-0-0 | O21: 0 | P21: 0 | Q21: 0 | R21: 0-0 | S21: 0-0-0
A22: Western_Conference
A23: Central
A24: Team | B24: GP | C24: W | D24: L | E24: OTL | F24: PTS | G24: RW | H24: ROW | I24: SOW | J24: SOL | K24: Home | L24: Away | M24: Division | N24: Conference | O24: GF | P24: GA | Q24: Diff | R24: Strk | S24: L10
A25: Colorado Avalanche | B25: 1 | C25: 1 | D25: 0 | E25: 0 | F25: 2 | G25: 1 | H25: 1 | I25: 0 | J25: 0 | K25: 0-0-0 | L25: 1-0-0 | M25: 0-0-0 | N25: 1-0-0 | O25: 4 | P25: 1 | Q25: 3 | R25: W1 | S25: 1-0-0
A26: Chicago Blackhawks | B26: 1 | C26: 0 | D26: 1 | E26: 0 | F26: 0 | G26: 0 | H26: 0 | I26: 0 | J26: 0 | K26: 0-0-0 | L26: 0-1-0 | M26: 0-0-0 | N26: 0-0-0 | O26: 2 | P26: 3 | Q26: -1 | R26: L1 | S26: 0-1-0
A27: Dallas Stars | B27: 0 | C27: 0 | D27: 0 | E27: 0 | F27: 0 | G27: 0 | H27: 0 | I27: 0 | J27: 0 | K27: 0-0-0 | L27: 0-0-0 | M27: 0-0-0 | N27: 0-0-0 | O27: 0 | P27: 0 | Q27: 0 | R27: 0-0 | S27: 0-0-0
A28: Minnesota Wild | B28: 0 | C28: 0 | D28: 0 | E28: 0 | F28: 0 | G28: 0 | H28: 0 | I28: 0 | J28: 0 | K28: 0-0-0 | L28: 0-0-0 | M28: 0-0-0 | N28: 0-0-0 | O28: 0 | P28: 0 | Q28: 0 | R28: 0-0 | S28: 0-0-0
A29: Nashville Predators | B29: 0 | C29: 0 | D29: 0 | E29: 0 | F29: 0 | G29: 0 | H29: 0 | I29: 0 | J29: 0 | K29: 0-0-0 | L29: 0-0-0 | M29: 0-0-0 | N29: 0-0-0 | O29: 0 | P29: 0 | Q29: 0 | R29: 0-0 | S29: 0-0-0
A30: St. Louis Blues | B30: 0 | C30: 0 | D30: 0 | E30: 0 | F30: 0 | G30: 0 | H30: 0 | I30: 0 | J30: 0 | K30: 0-0-0 | L30: 0-0-0 | M30: 0-0-0 | N30: 0-0-0 | O30: 0 | P30: 0 | Q30: 0 | R30: 0-0 | S30: 0-0-0
A31: Utah Mammoth | B31: 0 | C31: 0 | D31: 0 | E31: 0 | F31: 0 | G31: 0 | H31: 0 | I31: 0 | J31: 0 | K31: 0-0-0 | L31: 0-0-0 | M31: 0-0-0 | N31: 0-0-0 | O31: 0 | P31: 0 | Q31: 0 | R31: 0-0 | S31: 0-0-0
A32: Winnipeg Jets | B32: 0 | C32: 0 | D32: 0 | E32: 0 | F32: 0 | G32: 0 | H32: 0 | I32: 0 | J32: 0 | K32: 0-0-0 | L32: 0-0-0 | M32: 0-0-0 | N32: 0-0-0 | O32: 0 | P32: 0 | Q32: 0 | R32: 0-0 | S32: 0-0-0
A33: Pacific
A34: Team | B34: GP | C34: W | D34: L | E34: OTL | F34: PTS | G34: RW | H34: ROW | I34: SOW | J34: SOL | K34: Home | L34: Away | M34: Division | N34: Conference | O34: GF | P34: GA | Q34: Diff | R34: Strk | S34: L10
A35: Anaheim Ducks | B35: 0 | C35: 0 | D35: 0 | E35: 0 | F35: 0 | G35: 0 | H35: 0 | I35: 0 | J35: 0 | K35: 0-0-0 | L35: 0-0-0 | M35: 0-0-0 | N35: 0-0-0 | O35: 0 | P35: 0 | Q35: 0 | R35: 0-0 | S35: 0-0-0
A36: Calgary Flames | B36: 0 | C36: 0 | D36: 0 | E36: 0 | F36: 0 | G36: 0 | H36: 0 | I36: 0 | J36: 0 | K36: 0-0-0 | L36: 0-0-0 | M36: 0-0-0 | N36: 0-0-0 | O36: 0 | P36: 0 | Q36: 0 | R36: 0-0 | S36: 0-0-0
A37: Edmonton Oilers | B37: 0 | C37: 0 | D37: 0 | E37: 0 | F37: 0 | G37: 0 | H37: 0 | I37: 0 | J37: 0 | K37: 0-0-0 | L37: 0-0-0 | M37: 0-0-0 | N37: 0-0-0 | O37: 0 | P37: 0 | Q37: 0 | R37: 0-0 | S37: 0-0-0
A38: Los Angeles Kings | B38: 1 | C38: 0 | D38: 1 | E38: 0 | F38: 0 | G38: 0 | H38: 0 | I38: 0 | J38: 0 | K38: 0-1-0 | L38: 0-0-0 | M38: 0-0-0 | N38: 0-1-0 | O38: 1 | P38: 4 | Q38: -3 | R38: L1 | S38: 0-1-0
A39: San Jose Sharks | B39: 0 | C39: 0 | D39: 0 | E39: 0 | F39: 0 | G39: 0 | H39: 0 | I39: 0 | J39: 0 | K39: 0-0-0 | L39: 0-0-0 | M39: 0-0-0 | N39: 0-0-0 | O39: 0 | P39: 0 | Q39: 0 | R39: 0-0 | S39: 0-0-0
A40: Seattle Kraken | B40: 0 | C40: 0 | D40: 0 | E40: 0 | F40: 0 | G40: 0 | H40: 0 | I40: 0 | J40: 0 | K40: 0-0-0 | L40: 0-0-0 | M40: 0-0-0 | N40: 0-0-0 | O40: 0 | P40: 0 | Q40: 0 | R40: 0-0 | S40: 0-0-0
A41: Vancouver Canucks | B41: 0 | C41: 0 | D41: 0 | E41: 0 | F41: 0 | G41: 0 | H41: 0 | I41: 0 | J41: 0 | K41: 0-0-0 | L41: 0-0-0 | M41: 0-0-0 | N41: 0-0-0 | O41: 0 | P41: 0 | Q41: 0 | R41: 0-0 | S41: 0-0-0
A42: Vegas Golden Knights | B42: 0 | C42: 0 | D42: 0 | E42: 0 | F42: 0 | G42: 0 | H42: 0 | I42: 0 | J42: 0 | K42: 0-0-0 | L42: 0-0-0 | M42: 0-0-0 | N42: 0-0-0 | O42: 0 | P42: 0 | Q42: 0 | R42: 0-0 | S42: 0-0-0
A44: RW | B44: Regulation Wins
A45: ROW | B45: Regulation + OT Wins
A46: SOW | B46: Shoot Out Wins
A47: SOL | B47: Shoot Out Losses

Sheet Standings (10_8_25)
A1: Eastern Conference | T1: HOME
A2: Atlantic
A3: Team | B3: GP | C3: W | D3: L | E3: OTL | F3: PTS | G3: RW | H3: ROW | I3: SOW | J3: SOL | K3: Home | L3: Away | M3: Division | N3: Conference | O3: GF | P3: GA | Q3: Diff | R3: Strk | S3: L10
A4: Boston Bruins | B4: 1 | C4: 1 | D4: 0 | E4: 0 | F4: 2 | G4: 1 | H4: 1 | I4: 0 | J4: 0 | K4: 0-0-0 | L4: 1-0-0 | M4: 0-0-0 | N4: 1-0-0 | O4: 3 | P4: 1 | Q4: 2 | R4: W1 | S4: 1-0-0
A5: Florida Panthers | B5: 1 | C5: 1 | D5: 0 | E5: 0 | F5: 2 | G5: 1 | H5: 1 | I5: 0 | J5: 0 | K5: 1-0-0 | L5: 0-0-0 | M5: 0-0-0 | N5: 0-0-0 | O5: 3 | P5: 2 | Q5: 1 | R5: W1 | S5: 1-0-0
A6: Toronto Maple Leafs | B6: 1 | C6: 1 | D6: 0 | E6: 0 | F6: 2 | G6: 1 | H6: 1 | I6: 0 | J6: 0 | K6: 1-0-0 | L6: 0-0-0 | M6: 1-0-0 | N6: 1-0-0 | O6: 5 | P6: 2 | Q6: 3 | R6: W1 | S6: 1-0-0
A7: Buffalo Sabres | B7: 0 | C7: 0 | D7: 0 | E7: 0 | F7: 0 | G7: 0 | H7: 0 | I7: 0 | J7: 0 | K7: 0-0-0 | L7: 0-0-0 | M7: 0-0-0 | N7: 0-0-0 | O7: 0 | P7: 0 | Q7: 0 | R7: 0-0 | S7: 0-0-0
A8: Detroit Red Wings | B8: 0 | C8: 0 | D8: 0 | E8: 0 | F8: 0 | G8: 0 | H8: 0 | I8: 0 | J8: 0 | K8: 0-0-0 | L8: 0-0-0 | M8: 0-0-0 | N8: 0-0-0 | O8: 0 | P8: 0 | Q8: 0 | R8: 0-0 | S8: 0-0-0
A9: Montreal Canadiens | B9: 1 | C9: 0 | D9: 1 | E9: 0 | F9: 0 | G9: 0 | H9: 0 | I9: 0 | J9: 0 | K9: 0-0-0 | L9: 0-1-0 | M9: 0-1-0 | N9: 0-1-0 | O9: 2 | P9: 5 | Q9: -3 | R9: L1 | S9: 0-1-0
A10: Ottawa Senators | B10: 0 | C10: 0 | D10: 0 | E10: 0 | F10: 0 | G10: 0 | H10: 0 | I10: 0 | J10: 0 | K10: 0-0-0 | L10: 0-0-0 | M10: 0-0-0 | N10: 0-0-0 | O10: 0 | P10: 0 | Q10: 0 | R10: 0-0 | S10: 0-0-0
A11: Tampa Bay Lightning | B11: 0 | C11: 0 | D11: 0 | E11: 0 | F11: 0 | G11: 0 | H11: 0 | I11: 0 | J11: 0 | K11: 0-0-0 | L11: 0-0-0 | M11: 0-0-0 | N11: 0-0-0 | O11: 0 | P11: 0 | Q11: 0 | R11: 0-0 | S11: 0-0-0
A12: Metropolitan
A13: Team | B13: GP | C13: W | D13: L | E13: OTL | F13: PTS | G13: RW | H13: ROW | I13: SOW | J13: SOL | K13: Home | L13: Away | M13: Division | N13: Conference | O13: GF | P13: GA | Q13: Diff | R13: Strk | S13: L10
A14: Pittsburgh Penguins | B14: 1 | C14: 1 | D14: 0 | E14: 0 | F14: 2 | G14: 1 | H14: 1 | I14: 0 | J14: 0 | K14: 0-0-0 | L14: 1-0-0 | M14: 1-0-0 | N14: 1-0-0 | O14: 3 | P14: 0 | Q14: 3 | R14: W1 | S14: 1-0-0
A15: Carolina Hurricanes | B15: 0 | C15: 0 | D15: 0 | E15: 0 | F15: 0 | G15: 0 | H15: 0 | I15: 0 | J15: 0 | K15: 0-0-0 | L15: 0-0-0 | M15: 0-0-0 | N15: 0-0-0 | O15: 0 | P15: 0 | Q15: 0 | R15: 0-0 | S15: 0-0-0
A16: Columbus Blue Jackets | B16: 0 | C16: 0 | D16: 0 | E16: 0 | F16: 0 | G16: 0 | H16: 0 | I16: 0 | J16: 0 | K16: 0-0-0 | L16: 0-0-0 | M16: 0-0-0 | N16: 0-0-0 | O16: 0 | P16: 0 | Q16: 0 | R16: 0-0 | S16: 0-0-0
A17: New Jersey Devils | B17: 0 | C17: 0 | D17: 0 | E17: 0 | F17: 0 | G17: 0 | H17: 0 | I17: 0 | J17: 0 | K17: 0-0-0 | L17: 0-0-0 | M17: 0-0-0 | N17: 0-0-0 | O17: 0 | P17: 0 | Q17: 0 | R17: 0-0 | S17: 0-0-0
A18: New York Islanders | B18: 0 | C18: 0 | D18: 0 | E18: 0 | F18: 0 | G18: 0 | H18: 0 | I18: 0 | J18: 0 | K18: 0-0-0 | L18: 0-0-0 | M18: 0-0-0 | N18: 0-0-0 | O18: 0 | P18: 0 | Q18: 0 | R18: 0-0 | S18: 0-0-0
A19: New York Rangers | B19: 1 | C19: 0 | D19: 1 | E19: 0 | F19: 0 | G19: 0 | H19: 0 | I19: 0 | J19: 0 | K19: 0-1-0 | L19: 0-0-0 | M19: 0-1-0 | N19: 0-1-0 | O19: 0 | P19: 3 | Q19: -3 | R19: L1 | S19: 0-1-0
A20: Philadelphia Flyers | B20: 0 | C20: 0 | D20: 0 | E20: 0 | F20: 0 | G20: 0 | H20: 0 | I20: 0 | J20: 0 | K20: 0-0-0 | L20: 0-0-0 | M20: 0-0-0 | N20: 0-0-0 | O20: 0 | P20: 0 | Q20: 0 | R20: 0-0 | S20: 0-0-0
A21: Washington Capitals | B21: 1 | C21: 0 | D21: 1 | E21: 0 | F21: 0 | G21: 0 | H21: 0 | I21: 0 | J21: 0 | K21: 0-1-0 | L21: 0-0-0 | M21: 0-0-0 | N21: 0-1-0 | O21: 1 | P21: 3 | Q21: -2 | R21: L1 | S21: 0-1-0
A22: Western_Conference
A23: Central
A24: Team | B24: GP | C24: W | D24: L | E24: OTL | F24: PTS | G24: RW | H24: ROW | I24: SOW | J24: SOL | K24: Home | L24: Away | M24: Division | N24: Conference | O24: GF | P24: GA | Q24: Diff | R24: Strk | S24: L10
A25: Colorado Avalanche | B25: 1 | C25: 1 | D25: 0 | E25: 0 | F25: 2 | G25: 1 | H25: 1 | I25: 0 | J25: 0 | K25: 0-0-0 | L25: 1-0-0 | M25: 0-0-0 | N25: 1-0-0 | O25: 4 | P25: 1 | Q25: 3 | R25: W1 | S25: 1-0-0
A26: Chicago Blackhawks | B26: 1 | C26: 0 | D26: 1 | E26: 0 | F26: 0 | G26: 0 | H26: 0 | I26: 0 | J26: 0 | K26: 0-0-0 | L26: 0-1-0 | M26: 0-0-0 | N26: 0-0-0 | O26: 2 | P26: 3 | Q26: -1 | R26: L1 | S26: 0-1-0
A27: Dallas Stars | B27: 0 | C27: 0 | D27: 0 | E27: 0 | F27: 0 | G27: 0 | H27: 0 | I27: 0 | J27: 0 | K27: 0-0-0 | L27: 0-0-0 | M27: 0-0-0 | N27: 0-0-0 | O27: 0 | P27: 0 | Q27: 0 | R27: 0-0 | S27: 0-0-0
A28: Minnesota Wild | B28: 0 | C28: 0 | D28: 0 | E28: 0 | F28: 0 | G28: 0 | H28: 0 | I28: 0 | J28: 0 | K28: 0-0-0 | L28: 0-0-0 | M28: 0-0-0 | N28: 0-0-0 | O28: 0 | P28: 0 | Q28: 0 | R28: 0-0 | S28: 0-0-0
A29: Nashville Predators | B29: 0 | C29: 0 | D29: 0 | E29: 0 | F29: 0 | G29: 0 | H29: 0 | I29: 0 | J29: 0 | K29: 0-0-0 | L29: 0-0-0 | M29: 0-0-0 | N29: 0-0-0 | O29: 0 | P29: 0 | Q29: 0 | R29: 0-0 | S29: 0-0-0
A30: St. Louis Blues | B30: 0 | C30: 0 | D30: 0 | E30: 0 | F30: 0 | G30: 0 | H30: 0 | I30: 0 | J30: 0 | K30: 0-0-0 | L30: 0-0-0 | M30: 0-0-0 | N30: 0-0-0 | O30: 0 | P30: 0 | Q30: 0 | R30: 0-0 | S30: 0-0-0
A31: Utah Mammoth | B31: 0 | C31: 0 | D31: 0 | E31: 0 | F31: 0 | G31: 0 | H31: 0 | I31: 0 | J31: 0 | K31: 0-0-0 | L31: 0-0-0 | M31: 0-0-0 | N31: 0-0-0 | O31: 0 | P31: 0 | Q31: 0 | R31: 0-0 | S31: 0-0-0
A32: Winnipeg Jets | B32: 0 | C32: 0 | D32: 0 | E32: 0 | F32: 0 | G32: 0 | H32: 0 | I32: 0 | J32: 0 | K32: 0-0-0 | L32: 0-0-0 | M32: 0-0-0 | N32: 0-0-0 | O32: 0 | P32: 0 | Q32: 0 | R32: 0-0 | S32: 0-0-0
A33: Pacific
A34: Team | B34: GP | C34: W | D34: L | E34: OTL | F34: PTS | G34: RW | H34: ROW | I34: SOW | J34: SOL | K34: Home | L34: Away | M34: Division | N34: Conference | O34: GF | P34: GA | Q34: Diff | R34: Strk | S34: L10
A35: Calgary Flames | B35: 1 | C35: 1 | D35: 0 | E35: 0 | F35: 2 | G35: 0 | H35: 0 | I35: 1 | J35: 0 | K35: 0-0-0 | L35: 1-0-0 | M35: 1-0-0 | N35: 1-0-0 | O35: 4 | P35: 3 | Q35: 1 | R35: W1 | S35: 1-0-0
A36: Los Angeles Kings | B36: 2 | C36: 1 | D36: 1 | E36: 0 | F36: 2 | G36: 0 | H36: 0 | I36: 1 | J36: 0 | K36: 0-1-0 | L36: 1-0-0 | M36: 1-0-0 | N36: 1-1-0 | O36: 7 | P36: 9 | Q36: -2 | R36: W1 | S36: 1-1-0
A37: Edmonton Oilers | B37: 1 | C37: 0 | D37: 0 | E37: 1 | F37: 1 | G37: 0 | H37: 0 | I37: 0 | J37: 1 | K37: 0-0-1 | L37: 0-0-0 | M37: 0-0-1 | N37: 0-0-1 | O37: 3 | P37: 4 | Q37: -1 | R37: L1 | S37: 0-0-1
A38: Vegas Golden Knights | B38: 1 | C38: 0 | D38: 0 | E38: 1 | F38: 1 | G38: 0 | H38: 0 | I38: 0 | J38: 1 | K38: 0-0-1 | L38: 0-0-0 | M38: 0-0-1 | N38: 0-0-1 | O38: 5 | P38: 6 | Q38: -1 | R38: L1 | S38: 0-0-1
A39: Anaheim Ducks | B39: 0 | C39: 0 | D39: 0 | E39: 0 | F39: 0 | G39: 0 | H39: 0 | I39: 0 | J39: 0 | K39: 0-0-0 | L39: 0-0-0 | M39: 0-0-0 | N39: 0-0-0 | O39: 0 | P39: 0 | Q39: 0 | R39: 0-0 | S39: 0-0-0
A40: San Jose Sharks | B40: 0 | C40: 0 | D40: 0 | E40: 0 | F40: 0 | G40: 0 | H40: 0 | I40: 0 | J40: 0 | K40: 0-0-0 | L40: 0-0-0 | M40: 0-0-0 | N40: 0-0-0 | O40: 0 | P40: 0 | Q40: 0 | R40: 0-0 | S40: 0-0-0
A41: Seattle Kraken | B41: 0 | C41: 0 | D41: 0 | E41: 0 | F41: 0 | G41: 0 | H41: 0 | I41: 0 | J41: 0 | K41: 0-0-0 | L41: 0-0-0 | M41: 0-0-0 | N41: 0-0-0 | O41: 0 | P41: 0 | Q41: 0 | R41: 0-0 | S41: 0-0-0
A42: Vancouver Canucks | B42: 0 | C42: 0 | D42: 0 | E42: 0 | F42: 0 | G42: 0 | H42: 0 | I42: 0 | J42: 0 | K42: 0-0-0 | L42: 0-0-0 | M42: 0-0-0 | N42: 0-0-0 | O42: 0 | P42: 0 | Q42: 0 | R42: 0-0 | S42: 0-0-0
A44: RW | B44: Regulation Wins
A45: ROW | B45: Regulation + OT Wins
A46: SOW | B46: Shoot Out Wins
A47: SOL | B47: Shoot Out Losses

Sheet Standings (10_9_25)
A1: Eastern Conference | T1: HOME
A2: Atlantic
A3: Team | B3: GP | C3: W | D3: L | E3: OTL | F3: PTS | G3: RW | H3: ROW | I3: SOW | J3: SOL | K3: Home | L3: Away | M3: Division | N3: Conference | O3: GF | P3: GA | Q3: Diff | R3: Strk | S3: L10
A4: Boston Bruins | B4: 2 | C4: 2 | D4: 0 | E4: 0 | F4: 4 | G4: 1 | H4: 2 | I4: 0 | J4: 0 | K4: 1-0-0 | L4: 1-0-0 | M4: 0-0-0 | N4: 1-0-0 | O4: 7 | P4: 4 | Q4: 3 | R4: W2 | S4: 2-0-0
A5: Florida Panthers | B5: 2 | C5: 2 | D5: 0 | E5: 0 | F5: 4 | G5: 2 | H5: 2 | I5: 0 | J5: 0 | K5: 2-0-0 | L5: 0-0-0 | M5: 0-0-0 | N5: 1-0-0 | O5: 5 | P5: 3 | Q5: 2 | R5: W2 | S5: 2-0-0
A6: Montreal Canadiens | B6: 2 | C6: 1 | D6: 1 | E6: 0 | F6: 2 | G6: 1 | H6: 1 | I6: 0 | J6: 0 | K6: 0-0-0 | L6: 1-1-0 | M6: 1-1-0 | N6: 1-1-0 | O6: 7 | P6: 6 | Q6: 1 | R6: W1 | S6: 1-1-0
A7: Ottawa Senators | B7: 1 | C7: 1 | D7: 0 | E7: 0 | F7: 2 | G7: 1 | H7: 1 | I7: 0 | J7: 0 | K7: 0-0-0 | L7: 1-0-0 | M7: 1-0-0 | N7: 1-0-0 | O7: 5 | P7: 4 | Q7: 1 | R7: W1 | S7: 1-0-0
A8: Toronto Maple Leafs | B8: 1 | C8: 1 | D8: 0 | E8: 0 | F8: 2 | G8: 1 | H8: 1 | I8: 0 | J8: 0 | K8: 1-0-0 | L8: 0-0-0 | M8: 1-0-0 | N8: 1-0-0 | O8: 5 | P8: 2 | Q8: 3 | R8: W1 | S8: 1-0-0
A9: Buffalo Sabres | B9: 1 | C9: 0 | D9: 1 | E9: 0 | F9: 0 | G9: 0 | H9: 0 | I9: 0 | J9: 0 | K9: 0-1-0 | L9: 0-0-0 | M9: 0-0-0 | N9: 0-1-0 | O9: 0 | P9: 4 | Q9: -4 | R9: L1 | S9: 0-1-0
A10: Detroit Red Wings | B10: 1 | C10: 0 | D10: 1 | E10: 0 | F10: 0 | G10: 0 | H10: 0 | I10: 0 | J10: 0 | K10: 0-1-0 | L10: 0-0-0 | M10: 0-1-0 | N10: 0-1-0 | O10: 1 | P10: 5 | Q10: -4 | R10: L1 | S10: 0-1-0
A11: Tampa Bay Lightning | B11: 1 | C11: 0 | D11: 1 | E11: 0 | F11: 0 | G11: 0 | H11: 0 | I11: 0 | J11: 0 | K11: 0-1-0 | L11: 0-0-0 | M11: 0-1-0 | N11: 0-1-0 | O11: 4 | P11: 5 | Q11: -1 | R11: L1 | S11: 0-1-0
A12: Metropolitan
A13: Team | B13: GP | C13: W | D13: L | E13: OTL | F13: PTS | G13: RW | H13: ROW | I13: SOW | J13: SOL | K13: Home | L13: Away | M13: Division | N13: Conference | O13: GF | P13: GA | Q13: Diff | R13: Strk | S13: L10
A14: Pittsburgh Penguins | B14: 2 | C14: 2 | D14: 0 | E14: 0 | F14: 4 | G14: 2 | H14: 2 | I14: 0 | J14: 0 | K14: 1-0-0 | L14: 1-0-0 | M14: 2-0-0 | N14: 2-0-0 | O14: 7 | P14: 3 | Q14: 4 | R14: W2 | S14: 2-0-0
A15: Carolina Hurricanes | B15: 1 | C15: 1 | D15: 0 | E15: 0 | F15: 2 | G15: 1 | H15: 1 | I15: 0 | J15: 0 | K15: 1-0-0 | L15: 0-0-0 | M15: 1-0-0 | N15: 1-0-0 | O15: 6 | P15: 3 | Q15: 3 | R15: W1 | S15: 1-0-0
A16: New York Rangers | B16: 2 | C16: 1 | D16: 1 | E16: 0 | F16: 2 | G16: 1 | H16: 1 | I16: 0 | J16: 0 | K16: 0-1-0 | L16: 1-0-0 | M16: 0-1-0 | N16: 1-1-0 | O16: 4 | P16: 3 | Q16: 1 | R16: W1 | S16: 1-1-0
A17: Columbus Blue Jackets | B17: 1 | C17: 0 | D17: 1 | E17: 0 | F17: 0 | G17: 0 | H17: 0 | I17: 0 | J17: 0 | K17: 0-0-0 | L17: 0-1-0 | M17: 0-0-0 | N17: 0-0-0 | O17: 1 | P17: 2 | Q17: -1 | R17: L1 | S17: 0-1-0
A18: New Jersey Devils | B18: 1 | C18: 0 | D18: 1 | E18: 0 | F18: 0 | G18: 0 | H18: 0 | I18: 0 | J18: 0 | K18: 0-0-0 | L18: 0-1-0 | M18: 0-1-0 | N18: 0-1-0 | O18: 3 | P18: 6 | Q18: -3 | R18: L1 | S18: 0-1-0
A19: New York Islanders | B19: 1 | C19: 0 | D19: 1 | E19: 0 | F19: 0 | G19: 0 | H19: 0 | I19: 0 | J19: 0 | K19: 0-0-0 | L19: 0-1-0 | M19: 0-1-0 | N19: 0-1-0 | O19: 3 | P19: 4 | Q19: -1 | R19: L1 | S19: 0-1-0
A20: Philadelphia Flyers | B20: 1 | C20: 0 | D20: 1 | E20: 0 | F20: 0 | G20: 0 | H20: 0 | I20: 0 | J20: 0 | K20: 0-0-0 | L20: 0-1-0 | M20: 0-0-0 | N20: 0-1-0 | O20: 1 | P20: 2 | Q20: -1 | R20: L1 | S20: 0-1-0
A21: Washington Capitals | B21: 1 | C21: 0 | D21: 1 | E21: 0 | F21: 0 | G21: 0 | H21: 0 | I21: 0 | J21: 0 | K21: 0-1-0 | L21: 0-0-0 | M21: 0-0-0 | N21: 0-1-0 | O21: 1 | P21: 3 | Q21: -2 | R21: L1 | S21: 0-1-0
A22: Western_Conference
A23: Central
A24: Team | B24: GP | C24: W | D24: L | E24: OTL | F24: PTS | G24: RW | H24: ROW | I24: SOW | J24: SOL | K24: Home | L24: Away | M24: Division | N24: Conference | O24: GF | P24: GA | Q24: Diff | R24: Strk | S24: L10
A25: Colorado Avalanche | B25: 2 | C25: 2 | D25: 0 | E25: 0 | F25: 4 | G25: 2 | H25: 2 | I25: 0 | J25: 0 | K25: 1-0-0 | L25: 1-0-0 | M25: 1-0-0 | N25: 2-0-0 | O25: 6 | P25: 2 | Q25: 4 | R25: W2 | S25: 2-0-0
A26: Dallas Stars | B26: 1 | C26: 1 | D26: 0 | E26: 0 | F26: 2 | G26: 1 | H26: 1 | I26: 0 | J26: 0 | K26: 0-0-0 | L26: 1-0-0 | M26: 1-0-0 | N26: 1-0-0 | O26: 5 | P26: 4 | Q26: 1 | R26: W1 | S26: 1-0-0
A27: Minnesota Wild | B27: 1 | C27: 1 | D27: 0 | E27: 0 | F27: 2 | G27: 1 | H27: 1 | I27: 0 | J27: 0 | K27: 0-0-0 | L27: 1-0-0 | M27: 1-0-0 | N27: 1-0-0 | O27: 5 | P27: 0 | Q27: 5 | R27: W1 | S27: 1-0-0
A28: Nashville Predators | B28: 1 | C28: 1 | D28: 0 | E28: 0 | F28: 2 | G28: 1 | H28: 1 | I28: 0 | J28: 0 | K28: 1-0-0 | L28: 0-0-0 | M28: 0-0-0 | N28: 0-0-0 | O28: 2 | P28: 1 | Q28: 1 | R28: W1 | S28: 1-0-0
A29: Chicago Blackhawks | B29: 2 | C29: 0 | D29: 1 | E29: 1 | F29: 1 | G29: 0 | H29: 0 | I29: 0 | J29: 0 | K29: 0-0-0 | L29: 0-1-1 | M29: 0-0-0 | N29: 0-0-0 | O29: 5 | P29: 7 | Q29: -2 | R29: L2 | S29: 0-1-1
A30: St. Louis Blues | B30: 1 | C30: 0 | D30: 1 | E30: 0 | F30: 0 | G30: 0 | H30: 0 | I30: 0 | J30: 0 | K30: 0-1-0 | L30: 0-0-0 | M30: 0-1-0 | N30: 0-1-0 | O30: 0 | P30: 5 | Q30: -5 | R30: L1 | S30: 0-1-0
A31: Utah Mammoth | B31: 1 | C31: 0 | D31: 1 | E31: 0 | F31: 0 | G31: 0 | H31: 0 | I31: 0 | J31: 0 | K31: 0-0-0 | L31: 0-1-0 | M31: 0-1-0 | N31: 0-1-0 | O31: 1 | P31: 2 | Q31: -1 | R31: L1 | S31: 0-1-0
A32: Winnipeg Jets | B32: 1 | C32: 0 | D32: 1 | E32: 0 | F32: 0 | G32: 0 | H32: 0 | I32: 0 | J32: 0 | K32: 0-1-0 | L32: 0-0-0 | M32: 0-1-0 | N32: 0-1-0 | O32: 4 | P32: 5 | Q32: -1 | R32: L1 | S32: 0-1-0
A33: Pacific
A34: Team | B34: GP | C34: W | D34: L | E34: OTL | F34: PTS | G34: RW | H34: ROW | I34: SOW | J34: SOL | K34: Home | L34: Away | M34: Division | N34: Conference | O34: GF | P34: GA | Q34: Diff | R34: Strk | S34: L10
A35: Vegas Golden Knights | B35: 2 | C35: 1 | D35: 0 | E35: 1 | F35: 3 | G35: 0 | H35: 1 | I35: 0 | J35: 1 | K35: 0-0-1 | L35: 1-0-0 | M35: 1-0-1 | N35: 1-0-1 | O35: 9 | P35: 9 | Q35: 0 | R35: W1 | S35: 1-0-1
A36: Calgary Flames | B36: 2 | C36: 1 | D36: 1 | E36: 0 | F36: 2 | G36: 0 | H36: 0 | I36: 1 | J36: 0 | K36: 0-0-0 | L36: 1-1-0 | M36: 1-1-0 | N36: 1-1-0 | O36: 5 | P36: 8 | Q36: -3 | R36: L1 | S36: 1-1-0
A37: Los Angeles Kings | B37: 2 | C37: 1 | D37: 1 | E37: 0 | F37: 2 | G37: 0 | H37: 0 | I37: 1 | J37: 0 | K37: 0-1-0 | L37: 1-0-0 | M37: 1-0-0 | N37: 1-1-0 | O37: 7 | P37: 9 | Q37: -2 | R37: W1 | S37: 1-1-0
A38: Seattle Kraken | B38: 1 | C38: 1 | D38: 0 | E38: 0 | F38: 2 | G38: 1 | H38: 1 | I38: 0 | J38: 0 | K38: 1-0-0 | L38: 0-0-0 | M38: 1-0-0 | N38: 1-0-0 | O38: 3 | P38: 1 | Q38: 2 | R38: W1 | S38: 1-0-0
A39: Vancouver Canucks | B39: 1 | C39: 1 | D39: 0 | E39: 0 | F39: 2 | G39: 1 | H39: 1 | I39: 0 | J39: 0 | K39: 1-0-0 | L39: 0-0-0 | M39: 1-0-0 | N39: 1-0-0 | O39: 5 | P39: 1 | Q39: 4 | R39: W1 | S39: 1-0-0
A40: Edmonton Oilers | B40: 1 | C40: 0 | D40: 0 | E40: 1 | F40: 1 | G40: 0 | H40: 0 | I40: 0 | J40: 1 | K40: 0-0-1 | L40: 0-0-0 | M40: 0-0-1 | N40: 0-0-1 | O40: 3 | P40: 4 | Q40: -1 | R40: L1 | S40: 0-0-1
A41: San Jose Sharks | B41: 1 | C41: 0 | D41: 0 | E41: 1 | F41: 1 | G41: 0 | H41: 0 | I41: 0 | J41: 0 | K41: 0-0-1 | L41: 0-0-0 | M41: 0-0-1 | N41: 0-0-1 | O41: 3 | P41: 4 | Q41: -1 | R41: L1 | S41: 0-0-1
A42: Anaheim Ducks | B42: 1 | C42: 0 | D42: 1 | E42: 0 | F42: 0 | G42: 0 | H42: 0 | I42: 0 | J42: 0 | K42: 0-0-0 | L42: 0-1-0 | M42: 0-1-0 | N42: 0-1-0 | O42: 1 | P42: 3 | Q42: -2 | R42: L1 | S42: 0-1-0
A44: RW | B44: Regulation Wins
A45: ROW | B45: Regulation + OT Wins
A46: SOW | B46: Shoot Out Wins
A47: SOL | B47: Shoot Out Losses

Sheet Standings (10_11_25)
A1: Eastern Conference | T1: HOME
A2: Atlantic
A3: Team | B3: GP | C3: W | D3: L | E3: OTL | F3: PTS | G3: RW | H3: ROW | I3: SOW | J3: SOL | K3: Home | L3: Away | M3: Division | N3: Conference | O3: GF | P3: GA | Q3: Diff | R3: Strk | S3: L10
A4: Boston Bruins | B4: 3 | C4: 3 | D4: 0 | E4: 0 | F4: 6 | G4: 2 | H4: 3 | I4: 0 | J4: 0 | K4: 2-0-0 | L4: 1-0-0 | M4: 1-0-0 | N4: 2-0-0 | O4: 10 | P4: 5 | Q4: 5 | R4: W3 | S4: 3-0-0
A5: Florida Panthers | B5: 3 | C5: 3 | D5: 0 | E5: 0 | F5: 6 | G5: 3 | H5: 3 | I5: 0 | J5: 0 | K5: 3-0-0 | L5: 0-0-0 | M5: 1-0-0 | N5: 2-0-0 | O5: 11 | P5: 5 | Q5: 6 | R5: W3 | S5: 3-0-0
A6: Montreal Canadiens | B6: 3 | C6: 2 | D6: 1 | E6: 0 | F6: 4 | G6: 2 | H6: 2 | I6: 0 | J6: 0 | K6: 0-0-0 | L6: 2-1-0 | M6: 1-1-0 | N6: 1-1-0 | O6: 10 | P6: 8 | Q6: 2 | R6: W2 | S6: 2-1-0
A7: Detroit Red Wings | B7: 2 | C7: 1 | D7: 1 | E7: 0 | F7: 2 | G7: 1 | H7: 1 | I7: 0 | J7: 0 | K7: 1-1-0 | L7: 0-0-0 | M7: 1-1-0 | N7: 1-1-0 | O7: 7 | P7: 8 | Q7: -1 | R7: W1 | S7: 1-1-0
A8: Ottawa Senators | B8: 2 | C8: 1 | D8: 1 | E8: 0 | F8: 2 | G8: 1 | H8: 1 | I8: 0 | J8: 0 | K8: 0-0-0 | L8: 1-1-0 | M8: 1-1-0 | N8: 1-1-0 | O8: 7 | P8: 10 | Q8: -3 | R8: L1 | S8: 1-1-0
A9: Toronto Maple Leafs | B9: 2 | C9: 1 | D9: 1 | E9: 0 | F9: 2 | G9: 1 | H9: 1 | I9: 0 | J9: 0 | K9: 1-0-0 | L9: 0-1-0 | M9: 1-1-0 | N9: 1-1-0 | O9: 8 | P9: 8 | Q9: 0 | R9: L1 | S9: 1-1-0
A10: Buffalo Sabres | B10: 2 | C10: 0 | D10: 2 | E10: 0 | F10: 0 | G10: 0 | H10: 0 | I10: 0 | J10: 0 | K10: 0-1-0 | L10: 0-1-0 | M10: 0-1-0 | N10: 0-2-0 | O10: 1 | P10: 7 | Q10: -6 | R10: L2 | S10: 0-2-0
A11: Tampa Bay Lightning | B11: 2 | C11: 0 | D11: 2 | E11: 0 | F11: 0 | G11: 0 | H11: 0 | I11: 0 | J11: 0 | K11: 0-2-0 | L11: 0-0-0 | M11: 0-1-0 | N11: 0-2-0 | O11: 7 | P11: 10 | Q11: -3 | R11: L2 | S11: 0-2-0
A12: Metropolitan
A13: Team | B13: GP | C13: W | D13: L | E13: OTL | F13: PTS | G13: RW | H13: ROW | I13: SOW | J13: SOL | K13: Home | L13: Away | M13: Division | N13: Conference | O13: GF | P13: GA | Q13: Diff | R13: Strk | S13: L10
A14: Carolina Hurricanes | B14: 2 | C14: 2 | D14: 0 | E14: 0 | F14: 4 | G14: 1 | H14: 2 | I14: 0 | J14: 0 | K14: 2-0-0 | L14: 0-0-0 | M14: 2-0-0 | N14: 2-0-0 | O14: 10 | P14: 6 | Q14: 4 | R14: W2 | S14: 2-0-0
A15: New York Rangers | B15: 3 | C15: 2 | D15: 1 | E15: 0 | F15: 4 | G15: 2 | H15: 2 | I15: 0 | J15: 0 | K15: 0-1-0 | L15: 2-0-0 | M15: 1-1-0 | N15: 2-1-0 | O15: 10 | P15: 4 | Q15: 6 | R15: W2 | S15: 2-1-0
A16: Pittsburgh Penguins | B16: 3 | C16: 2 | D16: 1 | E16: 0 | F16: 4 | G16: 2 | H16: 2 | I16: 0 | J16: 0 | K16: 1-1-0 | L16: 1-0-0 | M16: 2-1-0 | N16: 2-1-0 | O16: 8 | P16: 9 | Q16: -1 | R16: L1 | S16: 2-1-0
A17: Columbus Blue Jackets | B17: 2 | C17: 1 | D17: 1 | E17: 0 | F17: 2 | G17: 1 | H17: 1 | I17: 0 | J17: 0 | K17: 0-0-0 | L17: 1-1-0 | M17: 0-0-0 | N17: 0-0-0 | O17: 8 | P17: 6 | Q17: 2 | R17: W1 | S17: 1-1-0
A18: New Jersey Devils | B18: 2 | C18: 1 | D18: 1 | E18: 0 | F18: 2 | G18: 1 | H18: 1 | I18: 0 | J18: 0 | K18: 0-0-0 | L18: 1-1-0 | M18: 0-1-0 | N18: 1-1-0 | O18: 8 | P18: 9 | Q18: -1 | R18: W1 | S18: 1-1-0
A19: Washington Capitals | B19: 2 | C19: 1 | D19: 1 | E19: 0 | F19: 2 | G19: 1 | H19: 1 | I19: 0 | J19: 0 | K19: 0-1-0 | L19: 1-0-0 | M19: 1-0-0 | N19: 1-1-0 | O19: 5 | P19: 5 | Q19: 0 | R19: W1 | S19: 1-1-0
A20: Philadelphia Flyers | B20: 2 | C20: 0 | D20: 1 | E20: 1 | F20: 1 | G20: 0 | H20: 0 | I20: 0 | J20: 0 | K20: 0-0-0 | L20: 0-1-1 | M20: 0-0-1 | N20: 0-1-1 | O20: 4 | P20: 6 | Q20: -2 | R20: L2 | S20: 0-1-1
A21: New York Islanders | B21: 2 | C21: 0 | D21: 2 | E21: 0 | F21: 0 | G21: 0 | H21: 0 | I21: 0 | J21: 0 | K21: 0-1-0 | L21: 0-1-0 | M21: 0-2-0 | N21: 0-2-0 | O21: 5 | P21: 8 | Q21: -3 | R21: L2 | S21: 0-2-0
A22: Western_Conference
A23: Central
A24: Team | B24: GP | C24: W | D24: L | E24: OTL | F24: PTS | G24: RW | H24: ROW | I24: SOW | J24: SOL | K24: Home | L24: Away | M24: Division | N24: Conference | O24: GF | P24: GA | Q24: Diff | R24: Strk | S24: L10
A25: Colorado Avalanche | B25: 3 | C25: 2 | D25: 0 | E25: 1 | F25: 5 | G25: 2 | H25: 2 | I25: 0 | J25: 1 | K25: 1-0-1 | L25: 1-0-0 | M25: 1-0-1 | N25: 2-0-1 | O25: 10 | P25: 7 | Q25: 3 | R25: L1 | S25: 2-0-1
A26: Dallas Stars | B26: 2 | C26: 2 | D26: 0 | E26: 0 | F26: 4 | G26: 0 | H26: 1 | I26: 1 | J26: 0 | K26: 0-0-0 | L26: 2-0-0 | M26: 2-0-0 | N26: 2-0-0 | O26: 10 | P26: 8 | Q26: 2 | R26: W2 | S26: 2-0-0
A27: Nashville Predators | B27: 2 | C27: 1 | D27: 0 | E27: 1 | F27: 3 | G27: 1 | H27: 1 | I27: 0 | J27: 0 | K27: 1-0-1 | L27: 0-0-0 | M27: 0-0-1 | N27: 0-0-1 | O27: 4 | P27: 4 | Q27: 0 | R27: L1 | S27: 1-0-1
A28: Minnesota Wild | B28: 2 | C28: 1 | D28: 1 | E28: 0 | F28: 2 | G28: 1 | H28: 1 | I28: 0 | J28: 0 | K28: 0-1-0 | L28: 1-0-0 | M28: 1-0-0 | N28: 1-0-0 | O28: 9 | P28: 7 | Q28: 2 | R28: L1 | S28: 1-1-0
A29: St. Louis Blues | B29: 2 | C29: 1 | D29: 1 | E29: 0 | F29: 2 | G29: 1 | H29: 1 | I29: 0 | J29: 0 | K29: 0-1-0 | L29: 1-0-0 | M29: 0-1-0 | N29: 1-1-0 | O29: 4 | P29: 7 | Q29: -3 | R29: W1 | S29: 1-1-0
A30: Utah Mammoth | B30: 2 | C30: 1 | D30: 1 | E30: 0 | F30: 2 | G30: 0 | H30: 1 | I30: 0 | J30: 0 | K30: 0-0-0 | L30: 1-1-0 | M30: 1-1-0 | N30: 1-1-0 | O30: 4 | P30: 4 | Q30: 0 | R30: W1 | S30: 1-1-0
A31: Winnipeg Jets | B31: 2 | C31: 1 | D31: 1 | E31: 0 | F31: 2 | G31: 1 | H31: 1 | I31: 0 | J31: 0 | K31: 1-1-0 | L31: 0-0-0 | M31: 0-1-0 | N31: 1-1-0 | O31: 7 | P31: 7 | Q31: 0 | R31: W1 | S31: 1-1-0
A32: Chicago Blackhawks | B32: 3 | C32: 0 | D32: 2 | E32: 1 | F32: 1 | G32: 0 | H32: 0 | I32: 0 | J32: 0 | K32: 0-1-0 | L32: 0-1-1 | M32: 0-0-0 | N32: 0-0-0 | O32: 7 | P32: 10 | Q32: -3 | R32: L3 | S32: 0-2-1
A33: Pacific
A34: Team | B34: GP | C34: W | D34: L | E34: OTL | F34: PTS | G34: RW | H34: ROW | I34: SOW | J34: SOL | K34: Home | L34: Away | M34: Division | N34: Conference | O34: GF | P34: GA | Q34: Diff | R34: Strk | S34: L10
A35: Seattle Kraken | B35: 2 | C35: 2 | D35: 0 | E35: 0 | F35: 4 | G35: 1 | H35: 2 | I35: 0 | J35: 0 | K35: 2-0-0 | L35: 0-0-0 | M35: 2-0-0 | N35: 2-0-0 | O35: 5 | P35: 2 | Q35: 3 | R35: W2 | S35: 2-0-0
A36: Vegas Golden Knights | B36: 3 | C36: 1 | D36: 0 | E36: 2 | F36: 4 | G36: 0 | H36: 1 | I36: 0 | J36: 1 | K36: 0-0-1 | L36: 1-0-1 | M36: 1-0-2 | N36: 1-0-2 | O36: 10 | P36: 11 | Q36: -1 | R36: L1 | S36: 1-0-2
A37: Edmonton Oilers | B37: 2 | C37: 1 | D37: 0 | E37: 1 | F37: 3 | G37: 1 | H37: 1 | I37: 0 | J37: 1 | K37: 1-0-1 | L37: 0-0-0 | M37: 1-0-1 | N37: 1-0-1 | O37: 6 | P37: 5 | Q37: 1 | R37: W1 | S37: 1-0-1
A38: Anaheim Ducks | B38: 2 | C38: 1 | D38: 1 | E38: 0 | F38: 2 | G38: 0 | H38: 1 | I38: 0 | J38: 0 | K38: 0-0-0 | L38: 1-1-0 | M38: 1-1-0 | N38: 1-1-0 | O38: 8 | P38: 9 | Q38: -1 | R38: W1 | S38: 1-1-0
A39: Calgary Flames | B39: 3 | C39: 1 | D39: 2 | E39: 0 | F39: 2 | G39: 0 | H39: 0 | I39: 1 | J39: 0 | K39: 0-1-0 | L39: 1-1-0 | M39: 1-1-0 | N39: 1-2-0 | O39: 7 | P39: 12 | Q39: -5 | R39: L2 | S39: 1-2-0
A40: Los Angeles Kings | B40: 3 | C40: 1 | D40: 2 | E40: 0 | F40: 2 | G40: 0 | H40: 0 | I40: 1 | J40: 0 | K40: 0-1-0 | L40: 1-1-0 | M40: 1-0-0 | N40: 1-2-0 | O40: 9 | P40: 12 | Q40: -3 | R40: L1 | S40: 1-2-0
A41: San Jose Sharks | B41: 2 | C41: 0 | D41: 0 | E41: 2 | F41: 2 | G41: 0 | H41: 0 | I41: 0 | J41: 0 | K41: 0-0-2 | L41: 0-0-0 | M41: 0-0-2 | N41: 0-0-2 | O41: 9 | P41: 11 | Q41: -2 | R41: L2 | S41: 0-0-2
A42: Vancouver Canucks | B42: 2 | C42: 1 | D42: 1 | E42: 0 | F42: 2 | G42: 1 | H42: 1 | I42: 0 | J42: 0 | K42: 1-0-0 | L42: 0-1-0 | M42: 1-1-0 | N42: 1-1-0 | O42: 6 | P42: 4 | Q42: 2 | R42: L1 | S42: 1-1-0
A44: RW | B44: Regulation Wins
A45: ROW | B45: Regulation + OT Wins
A46: SOW | B46: Shoot Out Wins
A47: SOL | B47: Shoot Out Losses

Sheet Standings (10_12_25)
A1: Eastern Conference | T1: HOME
A2: Atlantic
A3: Team | B3: GP | C3: W | D3: L | E3: OTL | F3: PTS | G3: RW | H3: ROW | I3: SOW | J3: SOL | K3: Home | L3: Away | M3: Division | N3: Conference | O3: GF | P3: GA | Q3: Diff | R3: Strk | S3: L10
A4: Boston Bruins | B4: 3 | C4: 3 | D4: 0 | E4: 0 | F4: 6 | G4: 2 | H4: 3 | I4: 0 | J4: 0 | K4: 2-0-0 | L4: 1-0-0 | M4: 1-0-0 | N4: 2-0-0 | O4: 10 | P4: 5 | Q4: 5 | R4: W3 | S4: 3-0-0
A5: Florida Panthers | B5: 3 | C5: 3 | D5: 0 | E5: 0 | F5: 6 | G5: 3 | H5: 3 | I5: 0 | J5: 0 | K5: 3-0-0 | L5: 0-0-0 | M5: 1-0-0 | N5: 2-0-0 | O5: 11 | P5: 5 | Q5: 6 | R5: W3 | S5: 3-0-0
A6: Montreal Canadiens | B6: 3 | C6: 2 | D6: 1 | E6: 0 | F6: 4 | G6: 2 | H6: 2 | I6: 0 | J6: 0 | K6: 0-0-0 | L6: 2-1-0 | M6: 1-1-0 | N6: 1-1-0 | O6: 10 | P6: 8 | Q6: 2 | R6: W2 | S6: 2-1-0
A7: Detroit Red Wings | B7: 2 | C7: 1 | D7: 1 | E7: 0 | F7: 2 | G7: 1 | H7: 1 | I7: 0 | J7: 0 | K7: 1-1-0 | L7: 0-0-0 | M7: 1-1-0 | N7: 1-1-0 | O7: 7 | P7: 8 | Q7: -1 | R7: W1 | S7: 1-1-0
A8: Ottawa Senators | B8: 2 | C8: 1 | D8: 1 | E8: 0 | F8: 2 | G8: 1 | H8: 1 | I8: 0 | J8: 0 | K8: 0-0-0 | L8: 1-1-0 | M8: 1-1-0 | N8: 1-1-0 | O8: 7 | P8: 10 | Q8: -3 | R8: L1 | S8: 1-1-0
A9: Toronto Maple Leafs | B9: 2 | C9: 1 | D9: 1 | E9: 0 | F9: 2 | G9: 1 | H9: 1 | I9: 0 | J9: 0 | K9: 1-0-0 | L9: 0-1-0 | M9: 1-1-0 | N9: 1-1-0 | O9: 8 | P9: 8 | Q9: 0 | R9: L1 | S9: 1-1-0
A10: Buffalo Sabres | B10: 2 | C10: 0 | D10: 2 | E10: 0 | F10: 0 | G10: 0 | H10: 0 | I10: 0 | J10: 0 | K10: 0-1-0 | L10: 0-1-0 | M10: 0-1-0 | N10: 0-2-0 | O10: 1 | P10: 7 | Q10: -6 | R10: L2 | S10: 0-2-0
A11: Tampa Bay Lightning | B11: 2 | C11: 0 | D11: 2 | E11: 0 | F11: 0 | G11: 0 | H11: 0 | I11: 0 | J11: 0 | K11: 0-2-0 | L11: 0-0-0 | M11: 0-1-0 | N11: 0-2-0 | O11: 7 | P11: 10 | Q11: -3 | R11: L2 | S11: 0-2-0
A12: Metropolitan
A13: Team | B13: GP | C13: W | D13: L | E13: OTL | F13: PTS | G13: RW | H13: ROW | I13: SOW | J13: SOL | K13: Home | L13: Away | M13: Division | N13: Conference | O13: GF | P13: GA | Q13: Diff | R13: Strk | S13: L10
A14: Carolina Hurricanes | B14: 2 | C14: 2 | D14: 0 | E14: 0 | F14: 4 | G14: 1 | H14: 2 | I14: 0 | J14: 0 | K14: 2-0-0 | L14: 0-0-0 | M14: 2-0-0 | N14: 2-0-0 | O14: 10 | P14: 6 | Q14: 4 | R14: W2 | S14: 2-0-0
A15: New York Rangers | B15: 4 | C15: 2 | D15: 2 | E15: 0 | F15: 4 | G15: 2 | H15: 2 | I15: 0 | J15: 0 | K15: 0-2-0 | L15: 2-0-0 | M15: 1-2-0 | N15: 2-2-0 | O15: 10 | P15: 5 | Q15: 5 | R15: L1 | S15: 2-2-0
A16: Pittsburgh Penguins | B16: 3 | C16: 2 | D16: 1 | E16: 0 | F16: 4 | G16: 2 | H16: 2 | I16: 0 | J16: 0 | K16: 1-1-0 | L16: 1-0-0 | M16: 2-1-0 | N16: 2-1-0 | O16: 8 | P16: 9 | Q16: -1 | R16: L1 | S16: 2-1-0
A17: Washington Capitals | B17: 3 | C17: 2 | D17: 1 | E17: 0 | F17: 4 | G17: 2 | H17: 2 | I17: 0 | J17: 0 | K17: 0-1-0 | L17: 2-0-0 | M17: 2-0-0 | N17: 2-1-0 | O17: 6 | P17: 5 | Q17: 1 | R17: W2 | S17: 2-1-0
A18: Columbus Blue Jackets | B18: 2 | C18: 1 | D18: 1 | E18: 0 | F18: 2 | G18: 1 | H18: 1 | I18: 0 | J18: 0 | K18: 0-0-0 | L18: 1-1-0 | M18: 0-0-0 | N18: 0-0-0 | O18: 8 | P18: 6 | Q18: 2 | R18: W1 | S18: 1-1-0
A19: New Jersey Devils | B19: 2 | C19: 1 | D19: 1 | E19: 0 | F19: 2 | G19: 1 | H19: 1 | I19: 0 | J19: 0 | K19: 0-0-0 | L19: 1-1-0 | M19: 0-1-0 | N19: 1-1-0 | O19: 8 | P19: 9 | Q19: -1 | R19: W1 | S19: 1-1-0
A20: Philadelphia Flyers | B20: 2 | C20: 0 | D20: 1 | E20: 1 | F20: 1 | G20: 0 | H20: 0 | I20: 0 | J20: 0 | K20: 0-0-0 | L20: 0-1-1 | M20: 0-0-1 | N20: 0-1-1 | O20: 4 | P20: 6 | Q20: -2 | R20: L2 | S20: 0-1-1
A21: New York Islanders | B21: 2 | C21: 0 | D21: 2 | E21: 0 | F21: 0 | G21: 0 | H21: 0 | I21: 0 | J21: 0 | K21: 0-1-0 | L21: 0-1-0 | M21: 0-2-0 | N21: 0-2-0 | O21: 5 | P21: 8 | Q21: -3 | R21: L2 | S21: 0-2-0
A22: Western_Conference
A23: Central
A24: Team | B24: GP | C24: W | D24: L | E24: OTL | F24: PTS | G24: RW | H24: ROW | I24: SOW | J24: SOL | K24: Home | L24: Away | M24: Division | N24: Conference | O24: GF | P24: GA | Q24: Diff | R24: Strk | S24: L10
A25: Colorado Avalanche | B25: 3 | C25: 2 | D25: 0 | E25: 1 | F25: 5 | G25: 2 | H25: 2 | I25: 0 | J25: 1 | K25: 1-0-1 | L25: 1-0-0 | M25: 1-0-1 | N25: 2-0-1 | O25: 10 | P25: 7 | Q25: 3 | R25: L1 | S25: 2-0-1
A26: Dallas Stars | B26: 2 | C26: 2 | D26: 0 | E26: 0 | F26: 4 | G26: 0 | H26: 1 | I26: 1 | J26: 0 | K26: 0-0-0 | L26: 2-0-0 | M26: 2-0-0 | N26: 2-0-0 | O26: 10 | P26: 8 | Q26: 2 | R26: W2 | S26: 2-0-0
A27: Nashville Predators | B27: 2 | C27: 1 | D27: 0 | E27: 1 | F27: 3 | G27: 1 | H27: 1 | I27: 0 | J27: 0 | K27: 1-0-1 | L27: 0-0-0 | M27: 0-0-1 | N27: 0-0-1 | O27: 4 | P27: 4 | Q27: 0 | R27: L1 | S27: 1-0-1
A28: Minnesota Wild | B28: 2 | C28: 1 | D28: 1 | E28: 0 | F28: 2 | G28: 1 | H28: 1 | I28: 0 | J28: 0 | K28: 0-1-0 | L28: 1-0-0 | M28: 1-0-0 | N28: 1-0-0 | O28: 9 | P28: 7 | Q28: 2 | R28: L1 | S28: 1-1-0
A29: St. Louis Blues | B29: 2 | C29: 1 | D29: 1 | E29: 0 | F29: 2 | G29: 1 | H29: 1 | I29: 0 | J29: 0 | K29: 0-1-0 | L29: 1-0-0 | M29: 0-1-0 | N29: 1-1-0 | O29: 4 | P29: 7 | Q29: -3 | R29: W1 | S29: 1-1-0
A30: Utah Mammoth | B30: 2 | C30: 1 | D30: 1 | E30: 0 | F30: 2 | G30: 0 | H30: 1 | I30: 0 | J30: 0 | K30: 0-0-0 | L30: 1-1-0 | M30: 1-1-0 | N30: 1-1-0 | O30: 4 | P30: 4 | Q30: 0 | R30: W1 | S30: 1-1-0
A31: Winnipeg Jets | B31: 2 | C31: 1 | D31: 1 | E31: 0 | F31: 2 | G31: 1 | H31: 1 | I31: 0 | J31: 0 | K31: 1-1-0 | L31: 0-0-0 | M31: 0-1-0 | N31: 1-1-0 | O31: 7 | P31: 7 | Q31: 0 | R31: W1 | S31: 1-1-0
A32: Chicago Blackhawks | B32: 3 | C32: 0 | D32: 2 | E32: 1 | F32: 1 | G32: 0 | H32: 0 | I32: 0 | J32: 0 | K32: 0-1-0 | L32: 0-1-1 | M32: 0-0-0 | N32: 0-0-0 | O32: 7 | P32: 10 | Q32: -3 | R32: L3 | S32: 0-2-1
A33: Pacific
A34: Team | B34: GP | C34: W | D34: L | E34: OTL | F34: PTS | G34: RW | H34: ROW | I34: SOW | J34: SOL | K34: Home | L34: Away | M34: Division | N34: Conference | O34: GF | P34: GA | Q34: Diff | R34: Strk | S34: L10
A35: Seattle Kraken | B35: 2 | C35: 2 | D35: 0 | E35: 0 | F35: 4 | G35: 1 | H35: 2 | I35: 0 | J35: 0 | K35: 2-0-0 | L35: 0-0-0 | M35: 2-0-0 | N35: 2-0-0 | O35: 5 | P35: 2 | Q35: 3 | R35: W2 | S35: 2-0-0
A36: Vegas Golden Knights | B36: 3 | C36: 1 | D36: 0 | E36: 2 | F36: 4 | G36: 0 | H36: 1 | I36: 0 | J36: 1 | K36: 0-0-1 | L36: 1-0-1 | M36: 1-0-2 | N36: 1-0-2 | O36: 10 | P36: 11 | Q36: -1 | R36: L1 | S36: 1-0-2
A37: Edmonton Oilers | B37: 2 | C37: 1 | D37: 0 | E37: 1 | F37: 3 | G37: 1 | H37: 1 | I37: 0 | J37: 1 | K37: 1-0-1 | L37: 0-0-0 | M37: 1-0-1 | N37: 1-0-1 | O37: 6 | P37: 5 | Q37: 1 | R37: W1 | S37: 1-0-1
A38: Anaheim Ducks | B38: 2 | C38: 1 | D38: 1 | E38: 0 | F38: 2 | G38: 0 | H38: 1 | I38: 0 | J38: 0 | K38: 0-0-0 | L38: 1-1-0 | M38: 1-1-0 | N38: 1-1-0 | O38: 8 | P38: 9 | Q38: -1 | R38: W1 | S38: 1-1-0
A39: Calgary Flames | B39: 3 | C39: 1 | D39: 2 | E39: 0 | F39: 2 | G39: 0 | H39: 0 | I39: 1 | J39: 0 | K39: 0-1-0 | L39: 1-1-0 | M39: 1-1-0 | N39: 1-2-0 | O39: 7 | P39: 12 | Q39: -5 | R39: L2 | S39: 1-2-0
A40: Los Angeles Kings | B40: 3 | C40: 1 | D40: 2 | E40: 0 | F40: 2 | G40: 0 | H40: 0 | I40: 1 | J40: 0 | K40: 0-1-0 | L40: 1-1-0 | M40: 1-0-0 | N40: 1-2-0 | O40: 9 | P40: 12 | Q40: -3 | R40: L1 | S40: 1-2-0
A41: San Jose Sharks | B41: 2 | C41: 0 | D41: 0 | E41: 2 | F41: 2 | G41: 0 | H41: 0 | I41: 0 | J41: 0 | K41: 0-0-2 | L41: 0-0-0 | M41: 0-0-2 | N41: 0-0-2 | O41: 9 | P41: 11 | Q41: -2 | R41: L2 | S41: 0-0-2
A42: Vancouver Canucks | B42: 2 | C42: 1 | D42: 1 | E42: 0 | F42: 2 | G42: 1 | H42: 1 | I42: 0 | J42: 0 | K42: 1-0-0 | L42: 0-1-0 | M42: 1-1-0 | N42: 1-1-0 | O42: 6 | P42: 4 | Q42: 2 | R42: L1 | S42: 1-1-0
A44: RW | B44: Regulation Wins
A45: ROW | B45: Regulation + OT Wins
A46: SOW | B46: Shoot Out Wins
A47: SOL | B47: Shoot Out Losses

Sheet Standings (10_13_25)
A1: Eastern Conference | T1: HOME
A2: Atlantic
A3: Team | B3: GP | C3: W | D3: L | E3: OTL | F3: PTS | G3: RW | H3: ROW | I3: SOW | J3: SOL | K3: Home | L3: Away | M3: Division | N3: Conference | O3: GF | P3: GA | Q3: Diff | R3: Strk | S3: L10
A4: Boston Bruins | B4: 4 | C4: 3 | D4: 1 | E4: 0 | F4: 6 | G4: 2 | H4: 3 | I4: 0 | J4: 0 | K4: 2-1-0 | L4: 1-0-0 | M4: 1-1-0 | N4: 2-1-0 | O4: 13 | P4: 9 | Q4: 4 | R4: L1 | S4: 3-1-0
A5: Florida Panthers | B5: 4 | C5: 3 | D5: 1 | E5: 0 | F5: 6 | G5: 3 | H5: 3 | I5: 0 | J5: 0 | K5: 3-0-0 | L5: 0-1-0 | M5: 1-0-0 | N5: 2-1-0 | O5: 13 | P5: 10 | Q5: 3 | R5: L1 | S5: 3-1-0
A6: Detroit Red Wings | B6: 3 | C6: 2 | D6: 1 | E6: 0 | F6: 4 | G6: 2 | H6: 2 | I6: 0 | J6: 0 | K6: 1-1-0 | L6: 1-0-0 | M6: 2-1-0 | N6: 2-1-0 | O6: 10 | P6: 10 | Q6: 0 | R6: W2 | S6: 2-1-0
A7: Montreal Canadiens | B7: 3 | C7: 2 | D7: 1 | E7: 0 | F7: 4 | G7: 2 | H7: 2 | I7: 0 | J7: 0 | K7: 0-0-0 | L7: 2-1-0 | M7: 1-1-0 | N7: 1-1-0 | O7: 10 | P7: 8 | Q7: 2 | R7: W2 | S7: 2-1-0
A8: Ottawa Senators | B8: 3 | C8: 1 | D8: 2 | E8: 0 | F8: 2 | G8: 1 | H8: 1 | I8: 0 | J8: 0 | K8: 0-1-0 | L8: 1-1-0 | M8: 1-1-0 | N8: 1-1-0 | O8: 8 | P8: 14 | Q8: -6 | R8: L2 | S8: 1-2-0
A9: Tampa Bay Lightning | B9: 3 | C9: 1 | D9: 2 | E9: 0 | F9: 2 | G9: 1 | H9: 1 | I9: 0 | J9: 0 | K9: 0-2-0 | L9: 1-0-0 | M9: 1-1-0 | N9: 1-2-0 | O9: 11 | P9: 13 | Q9: -2 | R9: W1 | S9: 1-2-0
A10: Toronto Maple Leafs | B10: 3 | C10: 1 | D10: 2 | E10: 0 | F10: 2 | G10: 1 | H10: 1 | I10: 0 | J10: 0 | K10: 1-1-0 | L10: 0-1-0 | M10: 1-2-0 | N10: 1-2-0 | O10: 10 | P10: 11 | Q10: -1 | R10: L2 | S10: 1-2-0
A11: Buffalo Sabres | B11: 3 | C11: 0 | D11: 3 | E11: 0 | F11: 0 | G11: 0 | H11: 0 | I11: 0 | J11: 0 | K11: 0-2-0 | L11: 0-1-0 | M11: 0-1-0 | N11: 0-2-0 | O11: 2 | P11: 10 | Q11: -8 | R11: L3 | S11: 0-3-0
A12: Metropolitan
A13: Team | B13: GP | C13: W | D13: L | E13: OTL | F13: PTS | G13: RW | H13: ROW | I13: SOW | J13: SOL | K13: Home | L13: Away | M13: Division | N13: Conference | O13: GF | P13: GA | Q13: Diff | R13: Strk | S13: L10
A14: Carolina Hurricanes | B14: 2 | C14: 2 | D14: 0 | E14: 0 | F14: 4 | G14: 1 | H14: 2 | I14: 0 | J14: 0 | K14: 2-0-0 | L14: 0-0-0 | M14: 2-0-0 | N14: 2-0-0 | O14: 10 | P14: 6 | Q14: 4 | R14: W2 | S14: 2-0-0
A15: New Jersey Devils | B15: 3 | C15: 2 | D15: 1 | E15: 0 | F15: 4 | G15: 2 | H15: 2 | I15: 0 | J15: 0 | K15: 0-0-0 | L15: 2-1-0 | M15: 1-1-0 | N15: 2-1-0 | O15: 11 | P15: 11 | Q15: 0 | R15: W2 | S15: 2-1-0
A16: New York Rangers | B16: 4 | C16: 2 | D16: 2 | E16: 0 | F16: 4 | G16: 2 | H16: 2 | I16: 0 | J16: 0 | K16: 0-2-0 | L16: 2-0-0 | M16: 1-2-0 | N16: 2-2-0 | O16: 10 | P16: 5 | Q16: 5 | R16: L1 | S16: 2-2-0
A17: Pittsburgh Penguins | B17: 3 | C17: 2 | D17: 1 | E17: 0 | F17: 4 | G17: 2 | H17: 2 | I17: 0 | J17: 0 | K17: 1-1-0 | L17: 1-0-0 | M17: 2-1-0 | N17: 2-1-0 | O17: 8 | P17: 9 | Q17: -1 | R17: L1 | S17: 2-1-0
A18: Washington Capitals | B18: 3 | C18: 2 | D18: 1 | E18: 0 | F18: 4 | G18: 2 | H18: 2 | I18: 0 | J18: 0 | K18: 0-1-0 | L18: 2-0-0 | M18: 2-0-0 | N18: 2-1-0 | O18: 6 | P18: 5 | Q18: 1 | R18: W2 | S18: 2-1-0
A19: Philadelphia Flyers | B19: 3 | C19: 1 | D19: 1 | E19: 1 | F19: 3 | G19: 1 | H19: 1 | I19: 0 | J19: 0 | K19: 1-0-0 | L19: 0-1-1 | M19: 0-0-1 | N19: 1-1-1 | O19: 9 | P19: 8 | Q19: 1 | R19: W1 | S19: 1-1-1
A20: Columbus Blue Jackets | B20: 3 | C20: 1 | D20: 2 | E20: 0 | F20: 2 | G20: 1 | H20: 1 | I20: 0 | J20: 0 | K20: 0-1-0 | L20: 1-1-0 | M20: 0-1-0 | N20: 0-1-0 | O20: 10 | P20: 9 | Q20: 1 | R20: L1 | S20: 1-2-0
A21: New York Islanders | B21: 3 | C21: 0 | D21: 3 | E21: 0 | F21: 0 | G21: 0 | H21: 0 | I21: 0 | J21: 0 | K21: 0-2-0 | L21: 0-1-0 | M21: 0-2-0 | N21: 0-2-0 | O21: 7 | P21: 13 | Q21: -6 | R21: L3 | S21: 0-3-0
A22: Western_Conference
A23: Central
A24: Team | B24: GP | C24: W | D24: L | E24: OTL | F24: PTS | G24: RW | H24: ROW | I24: SOW | J24: SOL | K24: Home | L24: Away | M24: Division | N24: Conference | O24: GF | P24: GA | Q24: Diff | R24: Strk | S24: L10
A25: Colorado Avalanche | B25: 4 | C25: 3 | D25: 0 | E25: 1 | F25: 7 | G25: 3 | H25: 3 | I25: 0 | J25: 1 | K25: 1-0-1 | L25: 2-0-0 | M25: 1-0-1 | N25: 2-0-1 | O25: 13 | P25: 8 | Q25: 5 | R25: W1 | S25: 3-0-1
A26: Nashville Predators | B26: 3 | C26: 2 | D26: 0 | E26: 1 | F26: 5 | G26: 2 | H26: 2 | I26: 0 | J26: 0 | K26: 1-0-1 | L26: 1-0-0 | M26: 0-0-1 | N26: 0-0-1 | O26: 8 | P26: 5 | Q26: 3 | R26: W1 | S26: 2-0-1
A27: Dallas Stars | B27: 2 | C27: 2 | D27: 0 | E27: 0 | F27: 4 | G27: 0 | H27: 1 | I27: 1 | J27: 0 | K27: 0-0-0 | L27: 2-0-0 | M27: 2-0-0 | N27: 2-0-0 | O27: 10 | P27: 8 | Q27: 2 | R27: W2 | S27: 2-0-0
A28: Minnesota Wild | B28: 3 | C28: 2 | D28: 1 | E28: 0 | F28: 4 | G28: 1 | H28: 1 | I28: 1 | J28: 0 | K28: 1-1-0 | L28: 1-0-0 | M28: 1-0-0 | N28: 2-0-0 | O28: 13 | P28: 10 | Q28: 3 | R28: W1 | S28: 2-1-0
A29: St. Louis Blues | B29: 3 | C29: 2 | D29: 1 | E29: 0 | F29: 4 | G29: 2 | H29: 2 | I29: 0 | J29: 0 | K29: 0-1-0 | L29: 2-0-0 | M29: 0-1-0 | N29: 2-1-0 | O29: 9 | P29: 9 | Q29: 0 | R29: W2 | S29: 2-1-0
A30: Winnipeg Jets | B30: 3 | C30: 2 | D30: 1 | E30: 0 | F30: 4 | G30: 2 | H30: 2 | I30: 0 | J30: 0 | K30: 1-1-0 | L30: 1-0-0 | M30: 0-1-0 | N30: 1-1-0 | O30: 12 | P30: 9 | Q30: 3 | R30: W2 | S30: 2-1-0
A31: Chicago Blackhawks | B31: 4 | C31: 1 | D31: 2 | E31: 1 | F31: 3 | G31: 1 | H31: 1 | I31: 0 | J31: 0 | K31: 1-1-0 | L31: 0-1-1 | M31: 1-0-0 | N31: 1-0-0 | O31: 10 | P31: 11 | Q31: -1 | R31: W1 | S31: 1-2-1
A32: Utah Mammoth | B32: 3 | C32: 1 | D32: 2 | E32: 0 | F32: 2 | G32: 0 | H32: 1 | I32: 0 | J32: 0 | K32: 0-0-0 | L32: 1-2-0 | M32: 1-2-0 | N32: 1-2-0 | O32: 5 | P32: 7 | Q32: -2 | R32: L1 | S32: 1-2-0
A33: Pacific
A34: Team | B34: GP | C34: W | D34: L | E34: OTL | F34: PTS | G34: RW | H34: ROW | I34: SOW | J34: SOL | K34: Home | L34: Away | M34: Division | N34: Conference | O34: GF | P34: GA | Q34: Diff | R34: Strk | S34: L10
A35: Seattle Kraken | B35: 2 | C35: 2 | D35: 0 | E35: 0 | F35: 4 | G35: 1 | H35: 2 | I35: 0 | J35: 0 | K35: 2-0-0 | L35: 0-0-0 | M35: 2-0-0 | N35: 2-0-0 | O35: 5 | P35: 2 | Q35: 3 | R35: W2 | S35: 2-0-0
A36: Vegas Golden Knights | B36: 3 | C36: 1 | D36: 0 | E36: 2 | F36: 4 | G36: 0 | H36: 1 | I36: 0 | J36: 1 | K36: 0-0-1 | L36: 1-0-1 | M36: 1-0-2 | N36: 1-0-2 | O36: 10 | P36: 11 | Q36: -1 | R36: L1 | S36: 1-0-2
A37: Edmonton Oilers | B37: 2 | C37: 1 | D37: 0 | E37: 1 | F37: 3 | G37: 1 | H37: 1 | I37: 0 | J37: 1 | K37: 1-0-1 | L37: 0-0-0 | M37: 1-0-1 | N37: 1-0-1 | O37: 6 | P37: 5 | Q37: 1 | R37: W1 | S37: 1-0-1
A38: Los Angeles Kings | B38: 4 | C38: 1 | D38: 2 | E38: 1 | F38: 3 | G38: 0 | H38: 0 | I38: 1 | J38: 1 | K38: 0-1-0 | L38: 1-1-1 | M38: 1-0-0 | N38: 1-2-1 | O38: 12 | P38: 16 | Q38: -4 | R38: L2 | S38: 1-2-1
A39: Anaheim Ducks | B39: 2 | C39: 1 | D39: 1 | E39: 0 | F39: 2 | G39: 0 | H39: 1 | I39: 0 | J39: 0 | K39: 0-0-0 | L39: 1-1-0 | M39: 1-1-0 | N39: 1-1-0 | O39: 8 | P39: 9 | Q39: -1 | R39: W1 | S39: 1-1-0
A40: Calgary Flames | B40: 3 | C40: 1 | D40: 2 | E40: 0 | F40: 2 | G40: 0 | H40: 0 | I40: 1 | J40: 0 | K40: 0-1-0 | L40: 1-1-0 | M40: 1-1-0 | N40: 1-2-0 | O40: 7 | P40: 12 | Q40: -5 | R40: L2 | S40: 1-2-0
A41: San Jose Sharks | B41: 2 | C41: 0 | D41: 0 | E41: 2 | F41: 2 | G41: 0 | H41: 0 | I41: 0 | J41: 0 | K41: 0-0-2 | L41: 0-0-0 | M41: 0-0-2 | N41: 0-0-2 | O41: 9 | P41: 11 | Q41: -2 | R41: L2 | S41: 0-0-2
A42: Vancouver Canucks | B42: 3 | C42: 1 | D42: 2 | E42: 0 | F42: 2 | G42: 1 | H42: 1 | I42: 0 | J42: 0 | K42: 1-1-0 | L42: 0-1-0 | M42: 1-1-0 | N42: 1-2-0 | O42: 8 | P42: 9 | Q42: -1 | R42: L2 | S42: 1-2-0
A44: RW | B44: Regulation Wins
A45: ROW | B45: Regulation + OT Wins
A46: SOW | B46: Shoot Out Wins
A47: SOL | B47: Shoot Out Losses

Sheet Standings (10_14_25)
A1: Eastern Conference | T1: HOME
A2: Atlantic
A3: Team | B3: GP | C3: W | D3: L | E3: OTL | F3: PTS | G3: RW | H3: ROW | I3: SOW | J3: SOL | K3: Home | L3: Away | M3: Division | N3: Conference | O3: GF | P3: GA | Q3: Diff | R3: Strk | S3: L10
A4: Boston Bruins | B4: 4 | C4: 3 | D4: 1 | E4: 0 | F4: 6 | G4: 2 | H4: 3 | I4: 0 | J4: 0 | K4: 2-1-0 | L4: 1-0-0 | M4: 1-1-0 | N4: 2-1-0 | O4: 13 | P4: 9 | Q4: 4 | R4: L1 | S4: 3-1-0
A5: Florida Panthers | B5: 4 | C5: 3 | D5: 1 | E5: 0 | F5: 6 | G5: 3 | H5: 3 | I5: 0 | J5: 0 | K5: 3-0-0 | L5: 0-1-0 | M5: 1-0-0 | N5: 2-1-0 | O5: 13 | P5: 10 | Q5: 3 | R5: L1 | S5: 3-1-0
A6: Montreal Canadiens | B6: 4 | C6: 3 | D6: 1 | E6: 0 | F6: 6 | G6: 2 | H6: 3 | I6: 0 | J6: 0 | K6: 1-0-0 | L6: 2-1-0 | M6: 1-1-0 | N6: 1-1-0 | O6: 15 | P6: 12 | Q6: 3 | R6: W3 | S6: 3-1-0
A7: Detroit Red Wings | B7: 3 | C7: 2 | D7: 1 | E7: 0 | F7: 4 | G7: 2 | H7: 2 | I7: 0 | J7: 0 | K7: 1-1-0 | L7: 1-0-0 | M7: 2-1-0 | N7: 2-1-0 | O7: 10 | P7: 10 | Q7: 0 | R7: W2 | S7: 2-1-0
A8: Toronto Maple Leafs | B8: 4 | C8: 2 | D8: 2 | E8: 0 | F8: 4 | G8: 2 | H8: 2 | I8: 0 | J8: 0 | K8: 2-1-0 | L8: 0-1-0 | M8: 1-2-0 | N8: 1-2-0 | O8: 17 | P8: 15 | Q8: 2 | R8: W1 | S8: 2-2-0
A9: Tampa Bay Lightning | B9: 4 | C9: 1 | D9: 2 | E9: 1 | F9: 3 | G9: 1 | H9: 1 | I9: 0 | J9: 0 | K9: 0-2-0 | L9: 1-0-1 | M9: 1-1-0 | N9: 1-2-1 | O9: 13 | P9: 16 | Q9: -3 | R9: L1 | S9: 1-2-1
A10: Ottawa Senators | B10: 3 | C10: 1 | D10: 2 | E10: 0 | F10: 2 | G10: 1 | H10: 1 | I10: 0 | J10: 0 | K10: 0-1-0 | L10: 1-1-0 | M10: 1-1-0 | N10: 1-1-0 | O10: 8 | P10: 14 | Q10: -6 | R10: L2 | S10: 1-2-0
A11: Buffalo Sabres | B11: 3 | C11: 0 | D11: 3 | E11: 0 | F11: 0 | G11: 0 | H11: 0 | I11: 0 | J11: 0 | K11: 0-2-0 | L11: 0-1-0 | M11: 0-1-0 | N11: 0-2-0 | O11: 2 | P11: 10 | Q11: -8 | R11: L3 | S11: 0-3-0
A12: Metropolitan
A13: Team | B13: GP | C13: W | D13: L | E13: OTL | F13: PTS | G13: RW | H13: ROW | I13: SOW | J13: SOL | K13: Home | L13: Away | M13: Division | N13: Conference | O13: GF | P13: GA | Q13: Diff | R13: Strk | S13: L10
A14: Carolina Hurricanes | B14: 3 | C14: 3 | D14: 0 | E14: 0 | F14: 6 | G14: 2 | H14: 3 | I14: 0 | J14: 0 | K14: 2-0-0 | L14: 1-0-0 | M14: 2-0-0 | N14: 2-0-0 | O14: 15 | P14: 7 | Q14: 8 | R14: W3 | S14: 3-0-0
A15: Washington Capitals | B15: 4 | C15: 3 | D15: 1 | E15: 0 | F15: 6 | G15: 2 | H15: 3 | I15: 0 | J15: 0 | K15: 1-1-0 | L15: 2-0-0 | M15: 2-0-0 | N15: 3-1-0 | O15: 9 | P15: 7 | Q15: 2 | R15: W3 | S15: 3-1-0
A16: New Jersey Devils | B16: 3 | C16: 2 | D16: 1 | E16: 0 | F16: 4 | G16: 2 | H16: 2 | I16: 0 | J16: 0 | K16: 0-0-0 | L16: 2-1-0 | M16: 1-1-0 | N16: 2-1-0 | O16: 11 | P16: 11 | Q16: 0 | R16: W2 | S16: 2-1-0
A17: New York Rangers | B17: 5 | C17: 2 | D17: 3 | E17: 0 | F17: 4 | G17: 2 | H17: 2 | I17: 0 | J17: 0 | K17: 0-3-0 | L17: 2-0-0 | M17: 1-2-0 | N17: 2-2-0 | O17: 10 | P17: 7 | Q17: 3 | R17: L2 | S17: 2-3-0
A18: Pittsburgh Penguins | B18: 4 | C18: 2 | D18: 2 | E18: 0 | F18: 4 | G18: 2 | H18: 2 | I18: 0 | J18: 0 | K18: 1-1-0 | L18: 1-1-0 | M18: 2-1-0 | N18: 2-1-0 | O18: 11 | P18: 13 | Q18: -2 | R18: L2 | S18: 2-2-0
A19: Philadelphia Flyers | B19: 3 | C19: 1 | D19: 1 | E19: 1 | F19: 3 | G19: 1 | H19: 1 | I19: 0 | J19: 0 | K19: 1-0-0 | L19: 0-1-1 | M19: 0-0-1 | N19: 1-1-1 | O19: 9 | P19: 8 | Q19: 1 | R19: W1 | S19: 1-1-1
A20: Columbus Blue Jackets | B20: 3 | C20: 1 | D20: 2 | E20: 0 | F20: 2 | G20: 1 | H20: 1 | I20: 0 | J20: 0 | K20: 0-1-0 | L20: 1-1-0 | M20: 0-1-0 | N20: 0-1-0 | O20: 10 | P20: 9 | Q20: 1 | R20: L1 | S20: 1-2-0
A21: New York Islanders | B21: 3 | C21: 0 | D21: 3 | E21: 0 | F21: 0 | G21: 0 | H21: 0 | I21: 0 | J21: 0 | K21: 0-2-0 | L21: 0-1-0 | M21: 0-2-0 | N21: 0-2-0 | O21: 7 | P21: 13 | Q21: -6 | R21: L3 | S21: 0-3-0
A22: Western_Conference
A23: Central
A24: Team | B24: GP | C24: W | D24: L | E24: OTL | F24: PTS | G24: RW | H24: ROW | I24: SOW | J24: SOL | K24: Home | L24: Away | M24: Division | N24: Conference | O24: GF | P24: GA | Q24: Diff | R24: Strk | S24: L10
A25: Colorado Avalanche | B25: 4 | C25: 3 | D25: 0 | E25: 1 | F25: 7 | G25: 3 | H25: 3 | I25: 0 | J25: 1 | K25: 1-0-1 | L25: 2-0-0 | M25: 1-0-1 | N25: 2-0-1 | O25: 13 | P25: 8 | Q25: 5 | R25: W1 | S25: 3-0-1
A26: Dallas Stars | B26: 3 | C26: 3 | D26: 0 | E26: 0 | F26: 6 | G26: 1 | H26: 2 | I26: 1 | J26: 0 | K26: 1-0-0 | L26: 2-0-0 | M26: 3-0-0 | N26: 3-0-0 | O26: 15 | P26: 10 | Q26: 5 | R26: W3 | S26: 3-0-0
A27: Nashville Predators | B27: 4 | C27: 2 | D27: 1 | E27: 1 | F27: 5 | G27: 2 | H27: 2 | I27: 0 | J27: 0 | K27: 1-0-1 | L27: 1-1-0 | M27: 0-0-1 | N27: 0-0-1 | O27: 12 | P27: 12 | Q27: 0 | R27: L1 | S27: 2-1-1
A28: Minnesota Wild | B28: 4 | C28: 2 | D28: 2 | E28: 0 | F28: 4 | G28: 1 | H28: 1 | I28: 1 | J28: 0 | K28: 1-1-0 | L28: 1-1-0 | M28: 1-1-0 | N28: 2-1-0 | O28: 15 | P28: 15 | Q28: 0 | R28: L1 | S28: 2-2-0
A29: St. Louis Blues | B29: 3 | C29: 2 | D29: 1 | E29: 0 | F29: 4 | G29: 2 | H29: 2 | I29: 0 | J29: 0 | K29: 0-1-0 | L29: 2-0-0 | M29: 0-1-0 | N29: 2-1-0 | O29: 9 | P29: 9 | Q29: 0 | R29: W2 | S29: 2-1-0
A30: Winnipeg Jets | B30: 3 | C30: 2 | D30: 1 | E30: 0 | F30: 4 | G30: 2 | H30: 2 | I30: 0 | J30: 0 | K30: 1-1-0 | L30: 1-0-0 | M30: 0-1-0 | N30: 1-1-0 | O30: 12 | P30: 9 | Q30: 3 | R30: W2 | S30: 2-1-0
A31: Chicago Blackhawks | B31: 4 | C31: 1 | D31: 2 | E31: 1 | F31: 3 | G31: 1 | H31: 1 | I31: 0 | J31: 0 | K31: 1-1-0 | L31: 0-1-1 | M31: 1-0-0 | N31: 1-0-0 | O31: 10 | P31: 11 | Q31: -1 | R31: W1 | S31: 1-2-1
A32: Utah Mammoth | B32: 3 | C32: 1 | D32: 2 | E32: 0 | F32: 2 | G32: 0 | H32: 1 | I32: 0 | J32: 0 | K32: 0-0-0 | L32: 1-2-0 | M32: 1-2-0 | N32: 1-2-0 | O32: 5 | P32: 7 | Q32: -2 | R32: L1 | S32: 1-2-0
A33: Pacific
A34: Team | B34: GP | C34: W | D34: L | E34: OTL | F34: PTS | G34: RW | H34: ROW | I34: SOW | J34: SOL | K34: Home | L34: Away | M34: Division | N34: Conference | O34: GF | P34: GA | Q34: Diff | R34: Strk | S34: L10
A35: Vegas Golden Knights | B35: 4 | C35: 2 | D35: 0 | E35: 2 | F35: 6 | G35: 1 | H35: 2 | I35: 0 | J35: 1 | K35: 0-0-1 | L35: 2-0-1 | M35: 2-0-2 | N35: 2-0-2 | O35: 14 | P35: 13 | Q35: 1 | R35: W1 | S35: 2-0-2
A36: Edmonton Oilers | B36: 3 | C36: 2 | D36: 0 | E36: 1 | F36: 5 | G36: 2 | H36: 2 | I36: 0 | J36: 1 | K36: 1-0-1 | L36: 1-0-0 | M36: 1-0-1 | N36: 1-0-1 | O36: 8 | P36: 5 | Q36: 3 | R36: W2 | S36: 2-0-1
A37: Seattle Kraken | B37: 3 | C37: 2 | D37: 0 | E37: 1 | F37: 5 | G37: 1 | H37: 2 | I37: 0 | J37: 0 | K37: 2-0-0 | L37: 0-0-1 | M37: 2-0-0 | N37: 2-0-0 | O37: 9 | P37: 7 | Q37: 2 | R37: L1 | S37: 2-0-1
A38: Anaheim Ducks | B38: 3 | C38: 2 | D38: 1 | E38: 0 | F38: 4 | G38: 1 | H38: 2 | I38: 0 | J38: 0 | K38: 1-0-0 | L38: 1-1-0 | M38: 1-1-0 | N38: 1-1-0 | O38: 12 | P38: 12 | Q38: 0 | R38: W2 | S38: 2-1-0
A39: Los Angeles Kings | B39: 4 | C39: 1 | D39: 2 | E39: 1 | F39: 3 | G39: 0 | H39: 0 | I39: 1 | J39: 1 | K39: 0-1-0 | L39: 1-1-1 | M39: 1-0-0 | N39: 1-2-1 | O39: 12 | P39: 16 | Q39: -4 | R39: L2 | S39: 1-2-1
A40: Calgary Flames | B40: 4 | C40: 1 | D40: 3 | E40: 0 | F40: 2 | G40: 0 | H40: 0 | I40: 1 | J40: 0 | K40: 0-2-0 | L40: 1-1-0 | M40: 1-2-0 | N40: 1-3-0 | O40: 9 | P40: 16 | Q40: -7 | R40: L3 | S40: 1-3-0
A41: San Jose Sharks | B41: 3 | C41: 0 | D41: 1 | E41: 2 | F41: 2 | G41: 0 | H41: 0 | I41: 0 | J41: 0 | K41: 0-1-2 | L41: 0-0-0 | M41: 0-0-2 | N41: 0-0-2 | O41: 10 | P41: 16 | Q41: -6 | R41: L3 | S41: 0-1-2
A42: Vancouver Canucks | B42: 3 | C42: 1 | D42: 2 | E42: 0 | F42: 2 | G42: 1 | H42: 1 | I42: 0 | J42: 0 | K42: 1-1-0 | L42: 0-1-0 | M42: 1-1-0 | N42: 1-2-0 | O42: 8 | P42: 9 | Q42: -1 | R42: L2 | S42: 1-2-0
A44: RW | B44: Regulation Wins
A45: ROW | B45: Regulation + OT Wins
A46: SOW | B46: Shoot Out Wins
A47: SOL | B47: Shoot Out Losses

Sheet Standings (10_15_25)
A1: Eastern Conference | T1: HOME
A2: Atlantic
A3: Team | B3: GP | C3: W | D3: L | E3: OTL | F3: PTS | G3: RW | H3: ROW | I3: SOW | J3: SOL | K3: Home | L3: Away | M3: Division | N3: Conference | O3: GF | P3: GA | Q3: Diff | R3: Strk | S3: L10
A4: Boston Bruins | B4: 4 | C4: 3 | D4: 1 | E4: 0 | F4: 6 | G4: 2 | H4: 3 | I4: 0 | J4: 0 | K4: 2-1-0 | L4: 1-0-0 | M4: 1-1-0 | N4: 2-1-0 | O4: 13 | P4: 9 | Q4: 4 | R4: L1 | S4: 3-1-0
A5: Detroit Red Wings | B5: 4 | C5: 3 | D5: 1 | E5: 0 | F5: 6 | G5: 3 | H5: 3 | I5: 0 | J5: 0 | K5: 2-1-0 | L5: 1-0-0 | M5: 3-1-0 | N5: 3-1-0 | O5: 14 | P5: 11 | Q5: 3 | R5: W3 | S5: 3-1-0
A6: Florida Panthers | B6: 5 | C6: 3 | D6: 2 | E6: 0 | F6: 6 | G6: 3 | H6: 3 | I6: 0 | J6: 0 | K6: 3-0-0 | L6: 0-2-0 | M6: 1-1-0 | N6: 2-2-0 | O6: 14 | P6: 14 | Q6: 0 | R6: L2 | S6: 3-2-0
A7: Montreal Canadiens | B7: 4 | C7: 3 | D7: 1 | E7: 0 | F7: 6 | G7: 2 | H7: 3 | I7: 0 | J7: 0 | K7: 1-0-0 | L7: 2-1-0 | M7: 1-1-0 | N7: 1-1-0 | O7: 15 | P7: 12 | Q7: 3 | R7: W3 | S7: 3-1-0
A8: Toronto Maple Leafs | B8: 4 | C8: 2 | D8: 2 | E8: 0 | F8: 4 | G8: 2 | H8: 2 | I8: 0 | J8: 0 | K8: 2-1-0 | L8: 0-1-0 | M8: 1-2-0 | N8: 1-2-0 | O8: 17 | P8: 15 | Q8: 2 | R8: W1 | S8: 2-2-0
A9: Tampa Bay Lightning | B9: 4 | C9: 1 | D9: 2 | E9: 1 | F9: 3 | G9: 1 | H9: 1 | I9: 0 | J9: 0 | K9: 0-2-0 | L9: 1-0-1 | M9: 1-1-0 | N9: 1-2-1 | O9: 13 | P9: 16 | Q9: -3 | R9: L1 | S9: 1-2-1
A10: Buffalo Sabres | B10: 4 | C10: 1 | D10: 3 | E10: 0 | F10: 2 | G10: 1 | H10: 1 | I10: 0 | J10: 0 | K10: 1-2-0 | L10: 0-1-0 | M10: 1-1-0 | N10: 1-2-0 | O10: 10 | P10: 14 | Q10: -4 | R10: W1 | S10: 1-3-0
A11: Ottawa Senators | B11: 4 | C11: 1 | D11: 3 | E11: 0 | F11: 2 | G11: 1 | H11: 1 | I11: 0 | J11: 0 | K11: 0-1-0 | L11: 1-2-0 | M11: 1-2-0 | N11: 1-2-0 | O11: 12 | P11: 22 | Q11: -10 | R11: L3 | S11: 1-3-0
A12: Metropolitan
A13: Team | B13: GP | C13: W | D13: L | E13: OTL | F13: PTS | G13: RW | H13: ROW | I13: SOW | J13: SOL | K13: Home | L13: Away | M13: Division | N13: Conference | O13: GF | P13: GA | Q13: Diff | R13: Strk | S13: L10
A14: Carolina Hurricanes | B14: 3 | C14: 3 | D14: 0 | E14: 0 | F14: 6 | G14: 2 | H14: 3 | I14: 0 | J14: 0 | K14: 2-0-0 | L14: 1-0-0 | M14: 2-0-0 | N14: 2-0-0 | O14: 15 | P14: 7 | Q14: 8 | R14: W3 | S14: 3-0-0
A15: Washington Capitals | B15: 4 | C15: 3 | D15: 1 | E15: 0 | F15: 6 | G15: 2 | H15: 3 | I15: 0 | J15: 0 | K15: 1-1-0 | L15: 2-0-0 | M15: 2-0-0 | N15: 3-1-0 | O15: 9 | P15: 7 | Q15: 2 | R15: W3 | S15: 3-1-0
A16: New Jersey Devils | B16: 3 | C16: 2 | D16: 1 | E16: 0 | F16: 4 | G16: 2 | H16: 2 | I16: 0 | J16: 0 | K16: 0-0-0 | L16: 2-1-0 | M16: 1-1-0 | N16: 2-1-0 | O16: 11 | P16: 11 | Q16: 0 | R16: W2 | S16: 2-1-0
A17: New York Rangers | B17: 5 | C17: 2 | D17: 3 | E17: 0 | F17: 4 | G17: 2 | H17: 2 | I17: 0 | J17: 0 | K17: 0-3-0 | L17: 2-0-0 | M17: 1-2-0 | N17: 2-2-0 | O17: 10 | P17: 7 | Q17: 3 | R17: L2 | S17: 2-3-0
A18: Pittsburgh Penguins | B18: 4 | C18: 2 | D18: 2 | E18: 0 | F18: 4 | G18: 2 | H18: 2 | I18: 0 | J18: 0 | K18: 1-1-0 | L18: 1-1-0 | M18: 2-1-0 | N18: 2-1-0 | O18: 11 | P18: 13 | Q18: -2 | R18: L2 | S18: 2-2-0
A19: Philadelphia Flyers | B19: 3 | C19: 1 | D19: 1 | E19: 1 | F19: 3 | G19: 1 | H19: 1 | I19: 0 | J19: 0 | K19: 1-0-0 | L19: 0-1-1 | M19: 0-0-1 | N19: 1-1-1 | O19: 9 | P19: 8 | Q19: 1 | R19: W1 | S19: 1-1-1
A20: Columbus Blue Jackets | B20: 3 | C20: 1 | D20: 2 | E20: 0 | F20: 2 | G20: 1 | H20: 1 | I20: 0 | J20: 0 | K20: 0-1-0 | L20: 1-1-0 | M20: 0-1-0 | N20: 0-1-0 | O20: 10 | P20: 9 | Q20: 1 | R20: L1 | S20: 1-2-0
A21: New York Islanders | B21: 3 | C21: 0 | D21: 3 | E21: 0 | F21: 0 | G21: 0 | H21: 0 | I21: 0 | J21: 0 | K21: 0-2-0 | L21: 0-1-0 | M21: 0-2-0 | N21: 0-2-0 | O21: 7 | P21: 13 | Q21: -6 | R21: L3 | S21: 0-3-0
A22: Western_Conference
A23: Central
A24: Team | B24: GP | C24: W | D24: L | E24: OTL | F24: PTS | G24: RW | H24: ROW | I24: SOW | J24: SOL | K24: Home | L24: Away | M24: Division | N24: Conference | O24: GF | P24: GA | Q24: Diff | R24: Strk | S24: L10
A25: Colorado Avalanche | B25: 4 | C25: 3 | D25: 0 | E25: 1 | F25: 7 | G25: 3 | H25: 3 | I25: 0 | J25: 1 | K25: 1-0-1 | L25: 2-0-0 | M25: 1-0-1 | N25: 2-0-1 | O25: 13 | P25: 8 | Q25: 5 | R25: W1 | S25: 3-0-1
A26: Dallas Stars | B26: 3 | C26: 3 | D26: 0 | E26: 0 | F26: 6 | G26: 1 | H26: 2 | I26: 1 | J26: 0 | K26: 1-0-0 | L26: 2-0-0 | M26: 3-0-0 | N26: 3-0-0 | O26: 15 | P26: 10 | Q26: 5 | R26: W3 | S26: 3-0-0
A27: Chicago Blackhawks | B27: 5 | C27: 2 | D27: 2 | E27: 1 | F27: 5 | G27: 2 | H27: 2 | I27: 0 | J27: 0 | K27: 1-1-0 | L27: 1-1-1 | M27: 2-0-0 | N27: 2-0-0 | O27: 18 | P27: 14 | Q27: 4 | R27: W2 | S27: 2-2-1
A28: Nashville Predators | B28: 4 | C28: 2 | D28: 1 | E28: 1 | F28: 5 | G28: 2 | H28: 2 | I28: 0 | J28: 0 | K28: 1-0-1 | L28: 1-1-0 | M28: 0-0-1 | N28: 0-0-1 | O28: 12 | P28: 12 | Q28: 0 | R28: L1 | S28: 2-1-1
A29: Minnesota Wild | B29: 4 | C29: 2 | D29: 2 | E29: 0 | F29: 4 | G29: 1 | H29: 1 | I29: 1 | J29: 0 | K29: 1-1-0 | L29: 1-1-0 | M29: 1-1-0 | N29: 2-1-0 | O29: 15 | P29: 15 | Q29: 0 | R29: L1 | S29: 2-2-0
A30: St. Louis Blues | B30: 4 | C30: 2 | D30: 2 | E30: 0 | F30: 4 | G30: 2 | H30: 2 | I30: 0 | J30: 0 | K30: 0-2-0 | L30: 2-0-0 | M30: 0-2-0 | N30: 2-2-0 | O30: 12 | P30: 17 | Q30: -5 | R30: L1 | S30: 2-2-0
A31: Utah Mammoth | B31: 4 | C31: 2 | D31: 2 | E31: 0 | F31: 4 | G31: 1 | H31: 2 | I31: 0 | J31: 0 | K31: 1-0-0 | L31: 1-2-0 | M31: 1-2-0 | N31: 2-2-0 | O31: 8 | P31: 8 | Q31: 0 | R31: W1 | S31: 2-2-0
A32: Winnipeg Jets | B32: 3 | C32: 2 | D32: 1 | E32: 0 | F32: 4 | G32: 2 | H32: 2 | I32: 0 | J32: 0 | K32: 1-1-0 | L32: 1-0-0 | M32: 0-1-0 | N32: 1-1-0 | O32: 12 | P32: 9 | Q32: 3 | R32: W2 | S32: 2-1-0
A33: Pacific
A34: Team | B34: GP | C34: W | D34: L | E34: OTL | F34: PTS | G34: RW | H34: ROW | I34: SOW | J34: SOL | K34: Home | L34: Away | M34: Division | N34: Conference | O34: GF | P34: GA | Q34: Diff | R34: Strk | S34: L10
A35: Vegas Golden Knights | B35: 4 | C35: 2 | D35: 0 | E35: 2 | F35: 6 | G35: 1 | H35: 2 | I35: 0 | J35: 1 | K35: 0-0-1 | L35: 2-0-1 | M35: 2-0-2 | N35: 2-0-2 | O35: 14 | P35: 13 | Q35: 1 | R35: W1 | S35: 2-0-2
A36: Edmonton Oilers | B36: 3 | C36: 2 | D36: 0 | E36: 1 | F36: 5 | G36: 2 | H36: 2 | I36: 0 | J36: 1 | K36: 1-0-1 | L36: 1-0-0 | M36: 1-0-1 | N36: 1-0-1 | O36: 8 | P36: 5 | Q36: 3 | R36: W2 | S36: 2-0-1
A37: Seattle Kraken | B37: 3 | C37: 2 | D37: 0 | E37: 1 | F37: 5 | G37: 1 | H37: 2 | I37: 0 | J37: 0 | K37: 2-0-0 | L37: 0-0-1 | M37: 2-0-0 | N37: 2-0-0 | O37: 9 | P37: 7 | Q37: 2 | R37: L1 | S37: 2-0-1
A38: Anaheim Ducks | B38: 3 | C38: 2 | D38: 1 | E38: 0 | F38: 4 | G38: 1 | H38: 2 | I38: 0 | J38: 0 | K38: 1-0-0 | L38: 1-1-0 | M38: 1-1-0 | N38: 1-1-0 | O38: 12 | P38: 12 | Q38: 0 | R38: W2 | S38: 2-1-0
A39: Los Angeles Kings | B39: 4 | C39: 1 | D39: 2 | E39: 1 | F39: 3 | G39: 0 | H39: 0 | I39: 1 | J39: 1 | K39: 0-1-0 | L39: 1-1-1 | M39: 1-0-0 | N39: 1-2-1 | O39: 12 | P39: 16 | Q39: -4 | R39: L2 | S39: 1-2-1
A40: Calgary Flames | B40: 5 | C40: 1 | D40: 4 | E40: 0 | F40: 2 | G40: 0 | H40: 0 | I40: 1 | J40: 0 | K40: 0-2-0 | L40: 1-2-0 | M40: 1-2-0 | N40: 1-4-0 | O40: 10 | P40: 19 | Q40: -9 | R40: L4 | S40: 1-4-0
A41: San Jose Sharks | B41: 3 | C41: 0 | D41: 1 | E41: 2 | F41: 2 | G41: 0 | H41: 0 | I41: 0 | J41: 0 | K41: 0-1-2 | L41: 0-0-0 | M41: 0-0-2 | N41: 0-0-2 | O41: 10 | P41: 16 | Q41: -6 | R41: L3 | S41: 0-1-2
A42: Vancouver Canucks | B42: 3 | C42: 1 | D42: 2 | E42: 0 | F42: 2 | G42: 1 | H42: 1 | I42: 0 | J42: 0 | K42: 1-1-0 | L42: 0-1-0 | M42: 1-1-0 | N42: 1-2-0 | O42: 8 | P42: 9 | Q42: -1 | R42: L2 | S42: 1-2-0
A44: RW | B44: Regulation Wins
A45: ROW | B45: Regulation + OT Wins
A46: SOW | B46: Shoot Out Wins
A47: SOL | B47: Shoot Out Losses

Sheet Standings (10_16_25)
A1: Eastern Conference | T1: HOME
A2: Atlantic
A3: Team | B3: GP | C3: W | D3: L | E3: OTL | F3: PTS | G3: RW | H3: ROW | I3: SOW | J3: SOL | K3: Home | L3: Away | M3: Division | N3: Conference | O3: GF | P3: GA | Q3: Diff | R3: Strk | S3: L10
A4: Montreal Canadiens | B4: 5 | C4: 4 | D4: 1 | E4: 0 | F4: 8 | G4: 2 | H4: 4 | I4: 0 | J4: 0 | K4: 2-0-0 | L4: 2-1-0 | M4: 1-1-0 | N4: 1-1-0 | O4: 18 | P4: 14 | Q4: 4 | R4: W4 | S4: 4-1-0
A5: Boston Bruins | B5: 5 | C5: 3 | D5: 2 | E5: 0 | F5: 6 | G5: 2 | H5: 3 | I5: 0 | J5: 0 | K5: 2-1-0 | L5: 1-1-0 | M5: 1-1-0 | N5: 2-1-0 | O5: 18 | P5: 15 | Q5: 3 | R5: L2 | S5: 3-2-0
A6: Detroit Red Wings | B6: 4 | C6: 3 | D6: 1 | E6: 0 | F6: 6 | G6: 3 | H6: 3 | I6: 0 | J6: 0 | K6: 2-1-0 | L6: 1-0-0 | M6: 3-1-0 | N6: 3-1-0 | O6: 14 | P6: 11 | Q6: 3 | R6: W3 | S6: 3-1-0
A7: Florida Panthers | B7: 6 | C7: 3 | D7: 3 | E7: 0 | F7: 6 | G7: 3 | H7: 3 | I7: 0 | J7: 0 | K7: 3-0-0 | L7: 0-3-0 | M7: 1-1-0 | N7: 2-3-0 | O7: 15 | P7: 17 | Q7: -2 | R7: L3 | S7: 3-3-0
A8: Toronto Maple Leafs | B8: 5 | C8: 3 | D8: 2 | E8: 0 | F8: 6 | G8: 2 | H8: 3 | I8: 0 | J8: 0 | K8: 3-1-0 | L8: 0-1-0 | M8: 1-2-0 | N8: 2-2-0 | O8: 19 | P8: 16 | Q8: 3 | R8: W2 | S8: 3-2-0
A9: Ottawa Senators | B9: 5 | C9: 2 | D9: 3 | E9: 0 | F9: 4 | G9: 0 | H9: 1 | I9: 1 | J9: 0 | K9: 1-1-0 | L9: 1-2-0 | M9: 1-2-0 | N9: 1-2-0 | O9: 16 | P9: 25 | Q9: -9 | R9: W1 | S9: 2-3-0
A10: Tampa Bay Lightning | B10: 4 | C10: 1 | D10: 2 | E10: 1 | F10: 3 | G10: 1 | H10: 1 | I10: 0 | J10: 0 | K10: 0-2-0 | L10: 1-0-1 | M10: 1-1-0 | N10: 1-2-1 | O10: 13 | P10: 16 | Q10: -3 | R10: L1 | S10: 1-2-1
A11: Buffalo Sabres | B11: 4 | C11: 1 | D11: 3 | E11: 0 | F11: 2 | G11: 1 | H11: 1 | I11: 0 | J11: 0 | K11: 1-2-0 | L11: 0-1-0 | M11: 1-1-0 | N11: 1-2-0 | O11: 10 | P11: 14 | Q11: -4 | R11: W1 | S11: 1-3-0
A12: Metropolitan
A13: Team | B13: GP | C13: W | D13: L | E13: OTL | F13: PTS | G13: RW | H13: ROW | I13: SOW | J13: SOL | K13: Home | L13: Away | M13: Division | N13: Conference | O13: GF | P13: GA | Q13: Diff | R13: Strk | S13: L10
A14: Carolina Hurricanes | B14: 4 | C14: 4 | D14: 0 | E14: 0 | F14: 8 | G14: 3 | H14: 4 | I14: 0 | J14: 0 | K14: 2-0-0 | L14: 2-0-0 | M14: 2-0-0 | N14: 2-0-0 | O14: 19 | P14: 8 | Q14: 11 | R14: W4 | S14: 4-0-0
A15: New Jersey Devils | B15: 4 | C15: 3 | D15: 1 | E15: 0 | F15: 6 | G15: 3 | H15: 3 | I15: 0 | J15: 0 | K15: 1-0-0 | L15: 2-1-0 | M15: 1-1-0 | N15: 3-1-0 | O15: 14 | P15: 12 | Q15: 2 | R15: W3 | S15: 3-1-0
A16: Pittsburgh Penguins | B16: 5 | C16: 3 | D16: 2 | E16: 0 | F16: 6 | G16: 3 | H16: 3 | I16: 0 | J16: 0 | K16: 1-1-0 | L16: 2-1-0 | M16: 2-1-0 | N16: 2-1-0 | O16: 15 | P16: 15 | Q16: 0 | R16: W1 | S16: 3-2-0
A17: Washington Capitals | B17: 4 | C17: 3 | D17: 1 | E17: 0 | F17: 6 | G17: 2 | H17: 3 | I17: 0 | J17: 0 | K17: 1-1-0 | L17: 2-0-0 | M17: 2-0-0 | N17: 3-1-0 | O17: 9 | P17: 7 | Q17: 2 | R17: W3 | S17: 3-1-0
A18: New York Rangers | B18: 6 | C18: 2 | D18: 3 | E18: 1 | F18: 5 | G18: 2 | H18: 2 | I18: 0 | J18: 0 | K18: 0-3-0 | L18: 2-0-1 | M18: 1-2-0 | N18: 2-2-1 | O18: 11 | P18: 9 | Q18: 2 | R18: L3 | S18: 2-3-1
A19: Philadelphia Flyers | B19: 4 | C19: 1 | D19: 2 | E19: 1 | F19: 3 | G19: 1 | H19: 1 | I19: 0 | J19: 0 | K19: 1-1-0 | L19: 0-1-1 | M19: 0-0-1 | N19: 1-1-1 | O19: 11 | P19: 13 | Q19: -2 | R19: L1 | S19: 1-2-1
A20: Columbus Blue Jackets | B20: 4 | C20: 1 | D20: 3 | E20: 0 | F20: 2 | G20: 1 | H20: 1 | I20: 0 | J20: 0 | K20: 0-2-0 | L20: 1-1-0 | M20: 0-1-0 | N20: 0-1-0 | O20: 11 | P20: 13 | Q20: -2 | R20: L2 | S20: 1-3-0
A21: New York Islanders | B21: 4 | C21: 1 | D21: 3 | E21: 0 | F21: 2 | G21: 1 | H21: 1 | I21: 0 | J21: 0 | K21: 1-2-0 | L21: 0-1-0 | M21: 0-2-0 | N21: 0-2-0 | O21: 11 | P21: 15 | Q21: -4 | R21: W1 | S21: 1-3-0
A22: Western_Conference
A23: Central
A24: Team | B24: GP | C24: W | D24: L | E24: OTL | F24: PTS | G24: RW | H24: ROW | I24: SOW | J24: SOL | K24: Home | L24: Away | M24: Division | N24: Conference | O24: GF | P24: GA | Q24: Diff | R24: Strk | S24: L10
A25: Colorado Avalanche | B25: 5 | C25: 4 | D25: 0 | E25: 1 | F25: 9 | G25: 4 | H25: 4 | I25: 0 | J25: 1 | K25: 1-0-1 | L25: 3-0-0 | M25: 1-0-1 | N25: 2-0-1 | O25: 17 | P25: 9 | Q25: 8 | R25: W2 | S25: 4-0-1
A26: Dallas Stars | B26: 4 | C26: 3 | D26: 1 | E26: 0 | F26: 6 | G26: 1 | H26: 2 | I26: 1 | J26: 0 | K26: 1-1-0 | L26: 2-0-0 | M26: 3-0-0 | N26: 3-1-0 | O26: 18 | P26: 15 | Q26: 3 | R26: L1 | S26: 3-1-0
A27: Nashville Predators | B27: 5 | C27: 2 | D27: 1 | E27: 2 | F27: 6 | G27: 2 | H27: 2 | I27: 0 | J27: 0 | K27: 1-0-1 | L27: 1-1-1 | M27: 0-0-1 | N27: 0-0-1 | O27: 14 | P27: 15 | Q27: -1 | R27: L2 | S27: 2-1-2
A28: Winnipeg Jets | B28: 4 | C28: 3 | D28: 1 | E28: 0 | F28: 6 | G28: 3 | H28: 3 | I28: 0 | J28: 0 | K28: 1-1-0 | L28: 2-0-0 | M28: 0-1-0 | N28: 1-1-0 | O28: 17 | P28: 11 | Q28: 6 | R28: W3 | S28: 3-1-0
A29: Chicago Blackhawks | B29: 5 | C29: 2 | D29: 2 | E29: 1 | F29: 5 | G29: 2 | H29: 2 | I29: 0 | J29: 0 | K29: 1-1-0 | L29: 1-1-1 | M29: 2-0-0 | N29: 2-0-0 | O29: 18 | P29: 14 | Q29: 4 | R29: W2 | S29: 2-2-1
A30: Minnesota Wild | B30: 4 | C30: 2 | D30: 2 | E30: 0 | F30: 4 | G30: 0 | H30: 1 | I30: 1 | J30: 0 | K30: 1-1-0 | L30: 1-1-0 | M30: 1-1-0 | N30: 2-1-0 | O30: 15 | P30: 15 | Q30: 0 | R30: L1 | S30: 2-2-0
A31: St. Louis Blues | B31: 4 | C31: 2 | D31: 2 | E31: 0 | F31: 4 | G31: 2 | H31: 2 | I31: 0 | J31: 0 | K31: 0-2-0 | L31: 2-0-0 | M31: 0-2-0 | N31: 2-2-0 | O31: 12 | P31: 17 | Q31: -5 | R31: L1 | S31: 2-2-0
A32: Utah Mammoth | B32: 4 | C32: 2 | D32: 2 | E32: 0 | F32: 4 | G32: 1 | H32: 2 | I32: 0 | J32: 0 | K32: 1-0-0 | L32: 1-2-0 | M32: 1-2-0 | N32: 2-2-0 | O32: 8 | P32: 8 | Q32: 0 | R32: W1 | S32: 2-2-0
A33: Pacific
A34: Team | B34: GP | C34: W | D34: L | E34: OTL | F34: PTS | G34: RW | H34: ROW | I34: SOW | J34: SOL | K34: Home | L34: Away | M34: Division | N34: Conference | O34: GF | P34: GA | Q34: Diff | R34: Strk | S34: L10
A35: Vegas Golden Knights | B35: 5 | C35: 3 | D35: 0 | E35: 2 | F35: 8 | G35: 2 | H35: 3 | I35: 0 | J35: 1 | K35: 1-0-1 | L35: 2-0-1 | M35: 2-0-2 | N35: 2-0-2 | O35: 20 | P35: 18 | Q35: 2 | R35: W2 | S35: 3-0-2
A36: Seattle Kraken | B36: 4 | C36: 2 | D36: 0 | E36: 2 | F36: 6 | G36: 1 | H36: 2 | I36: 0 | J36: 1 | K36: 2-0-0 | L36: 0-0-2 | M36: 2-0-0 | N36: 2-0-0 | O36: 12 | P36: 11 | Q36: 1 | R36: L2 | S36: 2-0-2
A37: Edmonton Oilers | B37: 4 | C37: 2 | D37: 1 | E37: 1 | F37: 5 | G37: 2 | H37: 2 | I37: 0 | J37: 1 | K37: 1-0-1 | L37: 1-1-0 | M37: 1-0-1 | N37: 1-0-1 | O37: 10 | P37: 9 | Q37: 1 | R37: L1 | S37: 2-1-1
A38: Anaheim Ducks | B38: 4 | C38: 2 | D38: 2 | E38: 0 | F38: 4 | G38: 1 | H38: 2 | I38: 0 | J38: 0 | K38: 1-1-0 | L38: 1-1-0 | M38: 1-1-0 | N38: 1-1-0 | O38: 13 | P38: 16 | Q38: -3 | R38: L1 | S38: 2-2-0
A39: Vancouver Canucks | B39: 4 | C39: 2 | D39: 2 | E39: 0 | F39: 4 | G39: 2 | H39: 2 | I39: 0 | J39: 0 | K39: 1-1-0 | L39: 1-1-0 | M39: 1-1-0 | N39: 2-2-0 | O39: 13 | P39: 12 | Q39: 1 | R39: W1 | S39: 2-2-0
A40: Los Angeles Kings | B40: 5 | C40: 1 | D40: 3 | E40: 1 | F40: 3 | G40: -1 | H40: 0 | I40: 1 | J40: 1 | K40: 0-2-0 | L40: 1-1-1 | M40: 1-0-0 | N40: 1-2-1 | O40: 14 | P40: 20 | Q40: -6 | R40: L3 | S40: 1-3-1
A41: Calgary Flames | B41: 5 | C41: 1 | D41: 4 | E41: 0 | F41: 2 | G41: -1 | H41: 0 | I41: 1 | J41: 0 | K41: 0-2-0 | L41: 1-2-0 | M41: 1-2-0 | N41: 1-4-0 | O41: 10 | P41: 19 | Q41: -9 | R41: L4 | S41: 1-4-0
A42: San Jose Sharks | B42: 3 | C42: 0 | D42: 1 | E42: 2 | F42: 2 | G42: 0 | H42: 0 | I42: 0 | J42: 0 | K42: 0-1-2 | L42: 0-0-0 | M42: 0-0-2 | N42: 0-0-2 | O42: 10 | P42: 16 | Q42: -6 | R42: L3 | S42: 0-1-2
A44: RW | B44: Regulation Wins
A45: ROW | B45: Regulation + OT Wins
A46: SOW | B46: Shoot Out Wins
A47: SOL | B47: Shoot Out Losses

Sheet Standings (10_17_25)
A1: Eastern Conference | T1: HOME
A2: Atlantic
A3: Team | B3: GP | C3: W | D3: L | E3: OTL | F3: PTS | G3: RW | H3: ROW | I3: SOW | J3: SOL | K3: Home | L3: Away | M3: Division | N3: Conference | O3: GF | P3: GA | Q3: Diff | R3: Strk | S3: L10
A4: Detroit Red Wings | B4: 5 | C4: 4 | D4: 1 | E4: 0 | F4: 8 | G4: 3 | H4: 4 | I4: 0 | J4: 0 | K4: 3-1-0 | L4: 1-0-0 | M4: 4-1-0 | N4: 4-1-0 | O4: 16 | P4: 12 | Q4: 4 | R4: W4 | S4: 4-1-0
A5: Montreal Canadiens | B5: 5 | C5: 4 | D5: 1 | E5: 0 | F5: 8 | G5: 2 | H5: 4 | I5: 0 | J5: 0 | K5: 2-0-0 | L5: 2-1-0 | M5: 1-1-0 | N5: 1-1-0 | O5: 18 | P5: 14 | Q5: 4 | R5: W4 | S5: 4-1-0
A6: Boston Bruins | B6: 5 | C6: 3 | D6: 2 | E6: 0 | F6: 6 | G6: 2 | H6: 3 | I6: 0 | J6: 0 | K6: 2-1-0 | L6: 1-1-0 | M6: 1-1-0 | N6: 2-1-0 | O6: 18 | P6: 15 | Q6: 3 | R6: L2 | S6: 3-2-0
A7: Florida Panthers | B7: 6 | C7: 3 | D7: 3 | E7: 0 | F7: 6 | G7: 3 | H7: 3 | I7: 0 | J7: 0 | K7: 3-0-0 | L7: 0-3-0 | M7: 1-1-0 | N7: 2-3-0 | O7: 15 | P7: 17 | Q7: -2 | R7: L3 | S7: 3-3-0
A8: Toronto Maple Leafs | B8: 5 | C8: 3 | D8: 2 | E8: 0 | F8: 6 | G8: 2 | H8: 3 | I8: 0 | J8: 0 | K8: 3-1-0 | L8: 0-1-0 | M8: 1-2-0 | N8: 2-2-0 | O8: 19 | P8: 16 | Q8: 3 | R8: W2 | S8: 3-2-0
A9: Ottawa Senators | B9: 5 | C9: 2 | D9: 3 | E9: 0 | F9: 4 | G9: 0 | H9: 1 | I9: 1 | J9: 0 | K9: 1-1-0 | L9: 1-2-0 | M9: 1-2-0 | N9: 1-2-0 | O9: 16 | P9: 25 | Q9: -9 | R9: W1 | S9: 2-3-0
A10: Tampa Bay Lightning | B10: 5 | C10: 1 | D10: 2 | E10: 2 | F10: 4 | G10: 1 | H10: 1 | I10: 0 | J10: 0 | K10: 0-2-0 | L10: 1-0-2 | M10: 1-1-1 | N10: 1-2-2 | O10: 14 | P10: 18 | Q10: -4 | R10: L2 | S10: 1-2-2
A11: Buffalo Sabres | B11: 4 | C11: 1 | D11: 3 | E11: 0 | F11: 2 | G11: 1 | H11: 1 | I11: 0 | J11: 0 | K11: 1-2-0 | L11: 0-1-0 | M11: 1-1-0 | N11: 1-2-0 | O11: 10 | P11: 14 | Q11: -4 | R11: W1 | S11: 1-3-0
A12: Metropolitan
A13: Team | B13: GP | C13: W | D13: L | E13: OTL | F13: PTS | G13: RW | H13: ROW | I13: SOW | J13: SOL | K13: Home | L13: Away | M13: Division | N13: Conference | O13: GF | P13: GA | Q13: Diff | R13: Strk | S13: L10
A14: Carolina Hurricanes | B14: 4 | C14: 4 | D14: 0 | E14: 0 | F14: 8 | G14: 3 | H14: 4 | I14: 0 | J14: 0 | K14: 2-0-0 | L14: 2-0-0 | M14: 2-0-0 | N14: 2-0-0 | O14: 19 | P14: 8 | Q14: 11 | R14: W4 | S14: 4-0-0
A15: Washington Capitals | B15: 5 | C15: 4 | D15: 1 | E15: 0 | F15: 8 | G15: 3 | H15: 4 | I15: 0 | J15: 0 | K15: 2-1-0 | L15: 2-0-0 | M15: 2-0-0 | N15: 3-1-0 | O15: 14 | P15: 8 | Q15: 6 | R15: W4 | S15: 4-1-0
A16: New Jersey Devils | B16: 4 | C16: 3 | D16: 1 | E16: 0 | F16: 6 | G16: 3 | H16: 3 | I16: 0 | J16: 0 | K16: 1-0-0 | L16: 2-1-0 | M16: 1-1-0 | N16: 3-1-0 | O16: 14 | P16: 12 | Q16: 2 | R16: W3 | S16: 3-1-0
A17: Pittsburgh Penguins | B17: 5 | C17: 3 | D17: 2 | E17: 0 | F17: 6 | G17: 3 | H17: 3 | I17: 0 | J17: 0 | K17: 1-1-0 | L17: 2-1-0 | M17: 2-1-0 | N17: 2-1-0 | O17: 15 | P17: 15 | Q17: 0 | R17: W1 | S17: 3-2-0
A18: New York Rangers | B18: 6 | C18: 2 | D18: 3 | E18: 1 | F18: 5 | G18: 2 | H18: 2 | I18: 0 | J18: 0 | K18: 0-3-0 | L18: 2-0-1 | M18: 1-2-0 | N18: 2-2-1 | O18: 11 | P18: 9 | Q18: 2 | R18: L3 | S18: 2-3-1
A19: Philadelphia Flyers | B19: 4 | C19: 1 | D19: 2 | E19: 1 | F19: 3 | G19: 1 | H19: 1 | I19: 0 | J19: 0 | K19: 1-1-0 | L19: 0-1-1 | M19: 0-0-1 | N19: 1-1-1 | O19: 11 | P19: 13 | Q19: -2 | R19: L1 | S19: 1-2-1
A20: Columbus Blue Jackets | B20: 4 | C20: 1 | D20: 3 | E20: 0 | F20: 2 | G20: 1 | H20: 1 | I20: 0 | J20: 0 | K20: 0-2-0 | L20: 1-1-0 | M20: 0-1-0 | N20: 0-1-0 | O20: 11 | P20: 13 | Q20: -2 | R20: L2 | S20: 1-3-0
A21: New York Islanders | B21: 4 | C21: 1 | D21: 3 | E21: 0 | F21: 2 | G21: 1 | H21: 1 | I21: 0 | J21: 0 | K21: 1-2-0 | L21: 0-1-0 | M21: 0-2-0 | N21: 0-2-0 | O21: 11 | P21: 15 | Q21: -4 | R21: W1 | S21: 1-3-0
A22: Western_Conference
A23: Central
A24: Team | B24: GP | C24: W | D24: L | E24: OTL | F24: PTS | G24: RW | H24: ROW | I24: SOW | J24: SOL | K24: Home | L24: Away | M24: Division | N24: Conference | O24: GF | P24: GA | Q24: Diff | R24: Strk | S24: L10
A25: Colorado Avalanche | B25: 5 | C25: 4 | D25: 0 | E25: 1 | F25: 9 | G25: 4 | H25: 4 | I25: 0 | J25: 1 | K25: 1-0-1 | L25: 3-0-0 | M25: 1-0-1 | N25: 2-0-1 | O25: 17 | P25: 9 | Q25: 8 | R25: W2 | S25: 4-0-1
A26: Chicago Blackhawks | B26: 6 | C26: 2 | D26: 2 | E26: 2 | F26: 6 | G26: 2 | H26: 2 | I26: 0 | J26: 1 | K26: 1-1-1 | L26: 1-1-1 | M26: 2-0-0 | N26: 2-0-1 | O26: 20 | P26: 17 | Q26: 3 | R26: L1 | S26: 2-2-2
A27: Dallas Stars | B27: 4 | C27: 3 | D27: 1 | E27: 0 | F27: 6 | G27: 1 | H27: 2 | I27: 1 | J27: 0 | K27: 1-1-0 | L27: 2-0-0 | M27: 3-0-0 | N27: 3-1-0 | O27: 18 | P27: 15 | Q27: 3 | R27: L1 | S27: 3-1-0
A28: Nashville Predators | B28: 5 | C28: 2 | D28: 1 | E28: 2 | F28: 6 | G28: 2 | H28: 2 | I28: 0 | J28: 0 | K28: 1-0-1 | L28: 1-1-1 | M28: 0-0-1 | N28: 0-0-1 | O28: 14 | P28: 15 | Q28: -1 | R28: L2 | S28: 2-1-2
A29: Utah Mammoth | B29: 5 | C29: 3 | D29: 2 | E29: 0 | F29: 6 | G29: 2 | H29: 3 | I29: 0 | J29: 0 | K29: 2-0-0 | L29: 1-2-0 | M29: 1-2-0 | N29: 3-2-0 | O29: 14 | P29: 11 | Q29: 3 | R29: W2 | S29: 3-2-0
A30: Winnipeg Jets | B30: 4 | C30: 3 | D30: 1 | E30: 0 | F30: 6 | G30: 3 | H30: 3 | I30: 0 | J30: 0 | K30: 1-1-0 | L30: 2-0-0 | M30: 0-1-0 | N30: 1-1-0 | O30: 17 | P30: 11 | Q30: 6 | R30: W3 | S30: 3-1-0
A31: Minnesota Wild | B31: 5 | C31: 2 | D31: 3 | E31: 0 | F31: 4 | G31: 0 | H31: 1 | I31: 1 | J31: 0 | K31: 1-1-0 | L31: 1-2-0 | M31: 1-1-0 | N31: 2-1-0 | O31: 16 | P31: 20 | Q31: -4 | R31: L2 | S31: 2-3-0
A32: St. Louis Blues | B32: 4 | C32: 2 | D32: 2 | E32: 0 | F32: 4 | G32: 2 | H32: 2 | I32: 0 | J32: 0 | K32: 0-2-0 | L32: 2-0-0 | M32: 0-2-0 | N32: 2-2-0 | O32: 12 | P32: 17 | Q32: -5 | R32: L1 | S32: 2-2-0
A33: Pacific
A34: Team | B34: GP | C34: W | D34: L | E34: OTL | F34: PTS | G34: RW | H34: ROW | I34: SOW | J34: SOL | K34: Home | L34: Away | M34: Division | N34: Conference | O34: GF | P34: GA | Q34: Diff | R34: Strk | S34: L10
A35: Vegas Golden Knights | B35: 5 | C35: 3 | D35: 0 | E35: 2 | F35: 8 | G35: 2 | H35: 3 | I35: 0 | J35: 1 | K35: 1-0-1 | L35: 2-0-1 | M35: 2-0-2 | N35: 2-0-2 | O35: 20 | P35: 18 | Q35: 2 | R35: W2 | S35: 3-0-2
A36: Seattle Kraken | B36: 4 | C36: 2 | D36: 0 | E36: 2 | F36: 6 | G36: 1 | H36: 2 | I36: 0 | J36: 1 | K36: 2-0-0 | L36: 0-0-2 | M36: 2-0-0 | N36: 2-0-0 | O36: 12 | P36: 11 | Q36: 1 | R36: L2 | S36: 2-0-2
A37: Vancouver Canucks | B37: 5 | C37: 3 | D37: 2 | E37: 0 | F37: 6 | G37: 1 | H37: 2 | I37: 1 | J37: 0 | K37: 1-1-0 | L37: 2-1-0 | M37: 1-1-0 | N37: 3-2-0 | O37: 16 | P37: 14 | Q37: 2 | R37: W2 | S37: 3-2-0
A38: Edmonton Oilers | B38: 4 | C38: 2 | D38: 1 | E38: 1 | F38: 5 | G38: 2 | H38: 2 | I38: 0 | J38: 1 | K38: 1-0-1 | L38: 1-1-0 | M38: 1-0-1 | N38: 1-0-1 | O38: 10 | P38: 9 | Q38: 1 | R38: L1 | S38: 2-1-1
A39: Anaheim Ducks | B39: 4 | C39: 2 | D39: 2 | E39: 0 | F39: 4 | G39: 1 | H39: 2 | I39: 0 | J39: 0 | K39: 1-1-0 | L39: 1-1-0 | M39: 1-1-0 | N39: 1-1-0 | O39: 13 | P39: 16 | Q39: -3 | R39: L1 | S39: 2-2-0
A40: Los Angeles Kings | B40: 5 | C40: 1 | D40: 3 | E40: 1 | F40: 3 | G40: -1 | H40: 0 | I40: 1 | J40: 1 | K40: 0-2-0 | L40: 1-1-1 | M40: 1-0-0 | N40: 1-2-1 | O40: 14 | P40: 20 | Q40: -6 | R40: L3 | S40: 1-3-1
A41: Calgary Flames | B41: 5 | C41: 1 | D41: 4 | E41: 0 | F41: 2 | G41: -1 | H41: 0 | I41: 1 | J41: 0 | K41: 0-2-0 | L41: 1-2-0 | M41: 1-2-0 | N41: 1-4-0 | O41: 10 | P41: 19 | Q41: -9 | R41: L4 | S41: 1-4-0
A42: San Jose Sharks | B42: 4 | C42: 0 | D42: 2 | E42: 2 | F42: 2 | G42: 0 | H42: 0 | I42: 0 | J42: 0 | K42: 0-1-2 | L42: 0-1-0 | M42: 0-0-2 | N42: 0-1-2 | O42: 13 | P42: 22 | Q42: -9 | R42: L4 | S42: 0-2-2
A44: RW | B44: Regulation Wins
A45: ROW | B45: Regulation + OT Wins
A46: SOW | B46: Shoot Out Wins
A47: SOL | B47: Shoot Out Losses

Sheet Standings (10_18_25)
A1: Eastern Conference | T1: HOME
A2: Atlantic
A3: Team | B3: GP | C3: W | D3: L | E3: OTL | F3: PTS | G3: RW | H3: ROW | I3: SOW | J3: SOL | K3: Home | L3: Away | M3: Division | N3: Conference | O3: GF | P3: GA | Q3: Diff | R3: Strk | S3: L10
A4: Detroit Red Wings | B4: 5 | C4: 4 | D4: 1 | E4: 0 | F4: 8 | G4: 3 | H4: 4 | I4: 0 | J4: 0 | K4: 3-1-0 | L4: 1-0-0 | M4: 4-1-0 | N4: 4-1-0 | O4: 16 | P4: 12 | Q4: 4 | R4: W4 | S4: 4-1-0
A5: Montreal Canadiens | B5: 6 | C5: 4 | D5: 2 | E5: 0 | F5: 8 | G5: 2 | H5: 4 | I5: 0 | J5: 0 | K5: 2-1-0 | L5: 2-1-0 | M5: 1-1-0 | N5: 1-2-0 | O5: 21 | P5: 18 | Q5: 3 | R5: L1 | S5: 4-2-0
A6: Toronto Maple Leafs | B6: 6 | C6: 3 | D6: 2 | E6: 1 | F6: 7 | G6: 2 | H6: 3 | I6: 0 | J6: 0 | K6: 3-1-1 | L6: 0-1-0 | M6: 1-2-0 | N6: 2-2-0 | O6: 22 | P6: 20 | Q6: 2 | R6: L1 | S6: 3-2-1
A7: Boston Bruins | B7: 6 | C7: 3 | D7: 3 | E7: 0 | F7: 6 | G7: 2 | H7: 3 | I7: 0 | J7: 0 | K7: 2-1-0 | L7: 1-2-0 | M7: 1-1-0 | N7: 2-1-0 | O7: 19 | P7: 19 | Q7: 0 | R7: L3 | S7: 3-3-0
A8: Florida Panthers | B8: 7 | C8: 3 | D8: 4 | E8: 0 | F8: 6 | G8: 3 | H8: 3 | I8: 0 | J8: 0 | K8: 3-0-0 | L8: 0-4-0 | M8: 1-2-0 | N8: 2-4-0 | O8: 15 | P8: 20 | Q8: -5 | R8: L4 | S8: 3-4-0
A9: Buffalo Sabres | B9: 5 | C9: 2 | D9: 3 | E9: 0 | F9: 4 | G9: 2 | H9: 2 | I9: 0 | J9: 0 | K9: 2-2-0 | L9: 0-1-0 | M9: 2-1-0 | N9: 2-2-0 | O9: 13 | P9: 14 | Q9: -1 | R9: W2 | S9: 2-3-0
A10: Ottawa Senators | B10: 6 | C10: 2 | D10: 4 | E10: 0 | F10: 4 | G10: 0 | H10: 1 | I10: 1 | J10: 0 | K10: 1-2-0 | L10: 1-2-0 | M10: 1-2-0 | N10: 1-3-0 | O10: 20 | P10: 30 | Q10: -10 | R10: L1 | S10: 2-4-0
A11: Tampa Bay Lightning | B11: 6 | C11: 1 | D11: 3 | E11: 2 | F11: 4 | G11: 1 | H11: 1 | I11: 0 | J11: 0 | K11: 0-2-0 | L11: 1-1-2 | M11: 1-1-1 | N11: 1-3-2 | O11: 16 | P11: 21 | Q11: -5 | R11: L3 | S11: 1-3-2
A12: Metropolitan
A13: Team | B13: GP | C13: W | D13: L | E13: OTL | F13: PTS | G13: RW | H13: ROW | I13: SOW | J13: SOL | K13: Home | L13: Away | M13: Division | N13: Conference | O13: GF | P13: GA | Q13: Diff | R13: Strk | S13: L10
A14: Carolina Hurricanes | B14: 5 | C14: 5 | D14: 0 | E14: 0 | F14: 10 | G14: 3 | H14: 5 | I14: 0 | J14: 0 | K14: 2-0-0 | L14: 3-0-0 | M14: 2-0-0 | N14: 2-0-0 | O14: 23 | P14: 11 | Q14: 12 | R14: W5 | S14: 5-0-0
A15: New Jersey Devils | B15: 5 | C15: 4 | D15: 1 | E15: 0 | F15: 8 | G15: 4 | H15: 4 | I15: 0 | J15: 0 | K15: 2-0-0 | L15: 2-1-0 | M15: 1-1-0 | N15: 3-1-0 | O15: 19 | P15: 15 | Q15: 4 | R15: W4 | S15: 4-1-0
A16: Pittsburgh Penguins | B16: 6 | C16: 4 | D16: 2 | E16: 0 | F16: 8 | G16: 4 | H16: 4 | I16: 0 | J16: 0 | K16: 1-1-0 | L16: 3-1-0 | M16: 2-1-0 | N16: 2-1-0 | O16: 18 | P16: 15 | Q16: 3 | R16: W2 | S16: 4-2-0
A17: Washington Capitals | B17: 5 | C17: 4 | D17: 1 | E17: 0 | F17: 8 | G17: 3 | H17: 4 | I17: 0 | J17: 0 | K17: 2-1-0 | L17: 2-0-0 | M17: 2-0-0 | N17: 3-1-0 | O17: 14 | P17: 8 | Q17: 6 | R17: W4 | S17: 4-1-0
A18: New York Rangers | B18: 7 | C18: 3 | D18: 3 | E18: 1 | F18: 7 | G18: 3 | H18: 3 | I18: 0 | J18: 0 | K18: 0-3-0 | L18: 3-0-1 | M18: 1-2-0 | N18: 3-2-1 | O18: 15 | P18: 12 | Q18: 3 | R18: W1 | S18: 3-3-1
A19: Philadelphia Flyers | B19: 5 | C19: 2 | D19: 2 | E19: 1 | F19: 5 | G19: 1 | H19: 2 | I19: 0 | J19: 0 | K19: 2-1-0 | L19: 0-1-1 | M19: 0-0-1 | N19: 1-1-1 | O19: 13 | P19: 14 | Q19: -1 | R19: W1 | S19: 2-2-1
A20: Columbus Blue Jackets | B20: 5 | C20: 2 | D20: 3 | E20: 0 | F20: 4 | G20: 2 | H20: 2 | I20: 0 | J20: 0 | K20: 1-2-0 | L20: 1-1-0 | M20: 0-1-0 | N20: 1-1-0 | O20: 14 | P20: 15 | Q20: -1 | R20: W1 | S20: 2-3-0
A21: New York Islanders | B21: 5 | C21: 2 | D21: 3 | E21: 0 | F21: 4 | G21: 2 | H21: 2 | I21: 0 | J21: 0 | K21: 1-2-0 | L21: 1-1-0 | M21: 0-2-0 | N21: 1-2-0 | O21: 16 | P21: 19 | Q21: -3 | R21: W2 | S21: 2-3-0
A22: Western_Conference
A23: Central
A24: Team | B24: GP | C24: W | D24: L | E24: OTL | F24: PTS | G24: RW | H24: ROW | I24: SOW | J24: SOL | K24: Home | L24: Away | M24: Division | N24: Conference | O24: GF | P24: GA | Q24: Diff | R24: Strk | S24: L10
A25: Colorado Avalanche | B25: 6 | C25: 5 | D25: 0 | E25: 1 | F25: 11 | G25: 5 | H25: 5 | I25: 0 | J25: 1 | K25: 2-0-1 | L25: 3-0-0 | M25: 1-0-1 | N25: 2-0-1 | O25: 21 | P25: 10 | Q25: 11 | R25: W3 | S25: 5-0-1
A26: Winnipeg Jets | B26: 5 | C26: 4 | D26: 1 | E26: 0 | F26: 8 | G26: 4 | H26: 4 | I26: 0 | J26: 0 | K26: 2-1-0 | L26: 2-0-0 | M26: 1-1-0 | N26: 2-1-0 | O26: 21 | P26: 12 | Q26: 9 | R26: W4 | S26: 4-1-0
A27: Chicago Blackhawks | B27: 6 | C27: 2 | D27: 2 | E27: 2 | F27: 6 | G27: 2 | H27: 2 | I27: 0 | J27: 1 | K27: 1-1-1 | L27: 1-1-1 | M27: 2-0-0 | N27: 2-0-1 | O27: 20 | P27: 17 | Q27: 3 | R27: L1 | S27: 2-2-2
A28: Dallas Stars | B28: 5 | C28: 3 | D28: 2 | E28: 0 | F28: 6 | G28: 1 | H28: 2 | I28: 1 | J28: 0 | K28: 1-1-0 | L28: 2-1-0 | M28: 3-1-0 | N28: 3-2-0 | O28: 19 | P28: 18 | Q28: 1 | R28: L2 | S28: 3-2-0
A29: Nashville Predators | B29: 6 | C29: 2 | D29: 2 | E29: 2 | F29: 6 | G29: 2 | H29: 2 | I29: 0 | J29: 0 | K29: 1-0-1 | L29: 1-2-1 | M29: 0-1-1 | N29: 0-1-1 | O29: 15 | P29: 19 | Q29: -4 | R29: L3 | S29: 2-2-2
A30: St. Louis Blues | B30: 5 | C30: 3 | D30: 2 | E30: 0 | F30: 6 | G30: 3 | H30: 3 | I30: 0 | J30: 0 | K30: 1-2-0 | L30: 2-0-0 | M30: 1-2-0 | N30: 3-2-0 | O30: 15 | P30: 18 | Q30: -3 | R30: W1 | S30: 3-2-0
A31: Utah Mammoth | B31: 5 | C31: 3 | D31: 2 | E31: 0 | F31: 6 | G31: 2 | H31: 3 | I31: 0 | J31: 0 | K31: 2-0-0 | L31: 1-2-0 | M31: 1-2-0 | N31: 3-2-0 | O31: 14 | P31: 11 | Q31: 3 | R31: W2 | S31: 3-2-0
A32: Minnesota Wild | B32: 6 | C32: 2 | D32: 3 | E32: 1 | F32: 5 | G32: 0 | H32: 1 | I32: 1 | J32: 0 | K32: 1-1-0 | L32: 1-2-1 | M32: 1-1-0 | N32: 2-1-0 | O32: 17 | P32: 22 | Q32: -5 | R32: L3 | S32: 2-3-1
A33: Pacific
A34: Team | B34: GP | C34: W | D34: L | E34: OTL | F34: PTS | G34: RW | H34: ROW | I34: SOW | J34: SOL | K34: Home | L34: Away | M34: Division | N34: Conference | O34: GF | P34: GA | Q34: Diff | R34: Strk | S34: L10
A35: Vegas Golden Knights | B35: 6 | C35: 4 | D35: 0 | E35: 2 | F35: 10 | G35: 3 | H35: 4 | I35: 0 | J35: 1 | K35: 2-0-1 | L35: 2-0-1 | M35: 3-0-2 | N35: 3-0-2 | O35: 26 | P35: 19 | Q35: 7 | R35: W3 | S35: 4-0-2
A36: Seattle Kraken | B36: 5 | C36: 3 | D36: 0 | E36: 2 | F36: 8 | G36: 1 | H36: 3 | I36: 0 | J36: 1 | K36: 2-0-0 | L36: 1-0-2 | M36: 2-0-0 | N36: 2-0-0 | O36: 16 | P36: 14 | Q36: 2 | R36: W1 | S36: 3-0-2
A37: Vancouver Canucks | B37: 5 | C37: 3 | D37: 2 | E37: 0 | F37: 6 | G37: 1 | H37: 2 | I37: 1 | J37: 0 | K37: 1-1-0 | L37: 2-1-0 | M37: 1-1-0 | N37: 3-2-0 | O37: 16 | P37: 14 | Q37: 2 | R37: W2 | S37: 3-2-0
A38: Edmonton Oilers | B38: 5 | C38: 2 | D38: 2 | E38: 1 | F38: 5 | G38: 2 | H38: 2 | I38: 0 | J38: 1 | K38: 1-0-1 | L38: 1-2-0 | M38: 1-0-1 | N38: 1-0-1 | O38: 13 | P38: 14 | Q38: -1 | R38: L2 | S38: 2-2-1
A39: Anaheim Ducks | B39: 4 | C39: 2 | D39: 2 | E39: 0 | F39: 4 | G39: 1 | H39: 2 | I39: 0 | J39: 0 | K39: 1-1-0 | L39: 1-1-0 | M39: 1-1-0 | N39: 1-1-0 | O39: 13 | P39: 16 | Q39: -3 | R39: L1 | S39: 2-2-0
A40: Los Angeles Kings | B40: 6 | C40: 1 | D40: 3 | E40: 2 | F40: 4 | G40: -1 | H40: 0 | I40: 1 | J40: 1 | K40: 0-2-1 | L40: 1-1-1 | M40: 1-0-0 | N40: 1-2-1 | O40: 17 | P40: 24 | Q40: -7 | R40: L4 | S40: 1-3-2
A41: Calgary Flames | B41: 6 | C41: 1 | D41: 5 | E41: 0 | F41: 2 | G41: -1 | H41: 0 | I41: 1 | J41: 0 | K41: 0-2-0 | L41: 1-3-0 | M41: 1-3-0 | N41: 1-5-0 | O41: 11 | P41: 25 | Q41: -14 | R41: L5 | S41: 1-5-0
A42: San Jose Sharks | B42: 5 | C42: 0 | D42: 3 | E42: 2 | F42: 2 | G42: 0 | H42: 0 | I42: 0 | J42: 0 | K42: 0-2-2 | L42: 0-1-0 | M42: 0-0-2 | N42: 0-1-2 | O42: 13 | P42: 25 | Q42: -12 | R42: L5 | S42: 0-3-2
A44: RW | B44: Regulation Wins
A45: ROW | B45: Regulation + OT Wins
A46: SOW | B46: Shoot Out Wins
A47: SOL | B47: Shoot Out Losses

Sheet Standings (10_19_25)
A1: Eastern Conference | T1: HOME
A2: Atlantic
A3: Team | B3: GP | C3: W | D3: L | E3: OTL | F3: PTS | G3: RW | H3: ROW | I3: SOW | J3: SOL | K3: Home | L3: Away | M3: Division | N3: Conference | O3: GF | P3: GA | Q3: Diff | R3: Strk | S3: L10
A4: Detroit Red Wings | B4: 6 | C4: 5 | D4: 1 | E4: 0 | F4: 10 | G4: 4 | H4: 5 | I4: 0 | J4: 0 | K4: 4-1-0 | L4: 1-0-0 | M4: 4-1-0 | N4: 4-1-0 | O4: 20 | P4: 14 | Q4: 6 | R4: W5 | S4: 5-1-0
A5: Montreal Canadiens | B5: 6 | C5: 4 | D5: 2 | E5: 0 | F5: 8 | G5: 2 | H5: 4 | I5: 0 | J5: 0 | K5: 2-1-0 | L5: 2-1-0 | M5: 1-1-0 | N5: 1-2-0 | O5: 21 | P5: 18 | Q5: 3 | R5: L1 | S5: 4-2-0
A6: Toronto Maple Leafs | B6: 6 | C6: 3 | D6: 2 | E6: 1 | F6: 7 | G6: 2 | H6: 3 | I6: 0 | J6: 0 | K6: 3-1-1 | L6: 0-1-0 | M6: 1-2-0 | N6: 2-2-0 | O6: 22 | P6: 20 | Q6: 2 | R6: L1 | S6: 3-2-1
A7: Boston Bruins | B7: 7 | C7: 3 | D7: 4 | E7: 0 | F7: 6 | G7: 2 | H7: 3 | I7: 0 | J7: 0 | K7: 2-1-0 | L7: 1-3-0 | M7: 1-1-0 | N7: 2-1-0 | O7: 21 | P7: 22 | Q7: -1 | R7: L4 | S7: 3-4-0
A8: Florida Panthers | B8: 7 | C8: 3 | D8: 4 | E8: 0 | F8: 6 | G8: 3 | H8: 3 | I8: 0 | J8: 0 | K8: 3-0-0 | L8: 0-4-0 | M8: 1-2-0 | N8: 2-4-0 | O8: 15 | P8: 20 | Q8: -5 | R8: L4 | S8: 3-4-0
A9: Buffalo Sabres | B9: 5 | C9: 2 | D9: 3 | E9: 0 | F9: 4 | G9: 2 | H9: 2 | I9: 0 | J9: 0 | K9: 2-2-0 | L9: 0-1-0 | M9: 2-1-0 | N9: 2-2-0 | O9: 13 | P9: 14 | Q9: -1 | R9: W2 | S9: 2-3-0
A10: Ottawa Senators | B10: 6 | C10: 2 | D10: 4 | E10: 0 | F10: 4 | G10: 0 | H10: 1 | I10: 1 | J10: 0 | K10: 1-2-0 | L10: 1-2-0 | M10: 1-2-0 | N10: 1-3-0 | O10: 20 | P10: 30 | Q10: -10 | R10: L1 | S10: 2-4-0
A11: Tampa Bay Lightning | B11: 6 | C11: 1 | D11: 3 | E11: 2 | F11: 4 | G11: 1 | H11: 1 | I11: 0 | J11: 0 | K11: 0-2-0 | L11: 1-1-2 | M11: 1-1-1 | N11: 1-3-2 | O11: 16 | P11: 21 | Q11: -5 | R11: L3 | S11: 1-3-2
A12: Metropolitan
A13: Team | B13: GP | C13: W | D13: L | E13: OTL | F13: PTS | G13: RW | H13: ROW | I13: SOW | J13: SOL | K13: Home | L13: Away | M13: Division | N13: Conference | O13: GF | P13: GA | Q13: Diff | R13: Strk | S13: L10
A14: Carolina Hurricanes | B14: 5 | C14: 5 | D14: 0 | E14: 0 | F14: 10 | G14: 3 | H14: 5 | I14: 0 | J14: 0 | K14: 2-0-0 | L14: 3-0-0 | M14: 2-0-0 | N14: 2-0-0 | O14: 23 | P14: 11 | Q14: 12 | R14: W5 | S14: 5-0-0
A15: New Jersey Devils | B15: 5 | C15: 4 | D15: 1 | E15: 0 | F15: 8 | G15: 4 | H15: 4 | I15: 0 | J15: 0 | K15: 2-0-0 | L15: 2-1-0 | M15: 1-1-0 | N15: 3-1-0 | O15: 19 | P15: 15 | Q15: 4 | R15: W4 | S15: 4-1-0
A16: Pittsburgh Penguins | B16: 6 | C16: 4 | D16: 2 | E16: 0 | F16: 8 | G16: 4 | H16: 4 | I16: 0 | J16: 0 | K16: 1-1-0 | L16: 3-1-0 | M16: 2-1-0 | N16: 2-1-0 | O16: 18 | P16: 15 | Q16: 3 | R16: W2 | S16: 4-2-0
A17: Washington Capitals | B17: 6 | C17: 4 | D17: 2 | E17: 0 | F17: 8 | G17: 3 | H17: 4 | I17: 0 | J17: 0 | K17: 2-2-0 | L17: 2-0-0 | M17: 2-0-0 | N17: 3-1-0 | O17: 17 | P17: 12 | Q17: 5 | R17: L1 | S17: 4-2-0
A18: New York Rangers | B18: 7 | C18: 3 | D18: 3 | E18: 1 | F18: 7 | G18: 3 | H18: 3 | I18: 0 | J18: 0 | K18: 0-3-0 | L18: 3-0-1 | M18: 1-2-0 | N18: 3-2-1 | O18: 15 | P18: 12 | Q18: 3 | R18: W1 | S18: 3-3-1
A19: Philadelphia Flyers | B19: 5 | C19: 2 | D19: 2 | E19: 1 | F19: 5 | G19: 1 | H19: 2 | I19: 0 | J19: 0 | K19: 2-1-0 | L19: 0-1-1 | M19: 0-0-1 | N19: 1-1-1 | O19: 13 | P19: 14 | Q19: -1 | R19: W1 | S19: 2-2-1
A20: Columbus Blue Jackets | B20: 5 | C20: 2 | D20: 3 | E20: 0 | F20: 4 | G20: 2 | H20: 2 | I20: 0 | J20: 0 | K20: 1-2-0 | L20: 1-1-0 | M20: 0-1-0 | N20: 1-1-0 | O20: 14 | P20: 15 | Q20: -1 | R20: W1 | S20: 2-3-0
A21: New York Islanders | B21: 5 | C21: 2 | D21: 3 | E21: 0 | F21: 4 | G21: 2 | H21: 2 | I21: 0 | J21: 0 | K21: 1-2-0 | L21: 1-1-0 | M21: 0-2-0 | N21: 1-2-0 | O21: 16 | P21: 19 | Q21: -3 | R21: W2 | S21: 2-3-0
A22: Western_Conference
A23: Central
A24: Team | B24: GP | C24: W | D24: L | E24: OTL | F24: PTS | G24: RW | H24: ROW | I24: SOW | J24: SOL | K24: Home | L24: Away | M24: Division | N24: Conference | O24: GF | P24: GA | Q24: Diff | R24: Strk | S24: L10
A25: Colorado Avalanche | B25: 6 | C25: 5 | D25: 0 | E25: 1 | F25: 11 | G25: 5 | H25: 5 | I25: 0 | J25: 1 | K25: 2-0-1 | L25: 3-0-0 | M25: 1-0-1 | N25: 2-0-1 | O25: 21 | P25: 10 | Q25: 11 | R25: W3 | S25: 5-0-1
A26: Chicago Blackhawks | B26: 7 | C26: 3 | D26: 2 | E26: 2 | F26: 8 | G26: 2 | H26: 3 | I26: 0 | J26: 1 | K26: 2-1-1 | L26: 1-1-1 | M26: 2-0-0 | N26: 3-0-1 | O26: 22 | P26: 18 | Q26: 4 | R26: W1 | S26: 3-2-2
A27: Utah Mammoth | B27: 6 | C27: 4 | D27: 2 | E27: 0 | F27: 8 | G27: 3 | H27: 4 | I27: 0 | J27: 0 | K27: 3-0-0 | L27: 1-2-0 | M27: 1-2-0 | N27: 3-2-0 | O27: 17 | P27: 13 | Q27: 4 | R27: W3 | S27: 4-2-0
A28: Winnipeg Jets | B28: 5 | C28: 4 | D28: 1 | E28: 0 | F28: 8 | G28: 4 | H28: 4 | I28: 0 | J28: 0 | K28: 2-1-0 | L28: 2-0-0 | M28: 1-1-0 | N28: 2-1-0 | O28: 21 | P28: 12 | Q28: 9 | R28: W4 | S28: 4-1-0
A29: Dallas Stars | B29: 5 | C29: 3 | D29: 2 | E29: 0 | F29: 6 | G29: 1 | H29: 2 | I29: 1 | J29: 0 | K29: 1-1-0 | L29: 2-1-0 | M29: 3-1-0 | N29: 3-2-0 | O29: 19 | P29: 18 | Q29: 1 | R29: L2 | S29: 3-2-0
A30: Nashville Predators | B30: 6 | C30: 2 | D30: 2 | E30: 2 | F30: 6 | G30: 2 | H30: 2 | I30: 0 | J30: 0 | K30: 1-0-1 | L30: 1-2-1 | M30: 0-1-1 | N30: 0-1-1 | O30: 15 | P30: 19 | Q30: -4 | R30: L3 | S30: 2-2-2
A31: St. Louis Blues | B31: 5 | C31: 3 | D31: 2 | E31: 0 | F31: 6 | G31: 3 | H31: 3 | I31: 0 | J31: 0 | K31: 1-2-0 | L31: 2-0-0 | M31: 1-2-0 | N31: 3-2-0 | O31: 15 | P31: 18 | Q31: -3 | R31: W1 | S31: 3-2-0
A32: Minnesota Wild | B32: 6 | C32: 2 | D32: 3 | E32: 1 | F32: 5 | G32: 0 | H32: 1 | I32: 1 | J32: 0 | K32: 1-1-0 | L32: 1-2-1 | M32: 1-1-0 | N32: 2-1-0 | O32: 17 | P32: 22 | Q32: -5 | R32: L3 | S32: 2-3-1
A33: Pacific
A34: Team | B34: GP | C34: W | D34: L | E34: OTL | F34: PTS | G34: RW | H34: ROW | I34: SOW | J34: SOL | K34: Home | L34: Away | M34: Division | N34: Conference | O34: GF | P34: GA | Q34: Diff | R34: Strk | S34: L10
A35: Vegas Golden Knights | B35: 6 | C35: 4 | D35: 0 | E35: 2 | F35: 10 | G35: 3 | H35: 4 | I35: 0 | J35: 1 | K35: 2-0-1 | L35: 2-0-1 | M35: 3-0-2 | N35: 3-0-2 | O35: 26 | P35: 19 | Q35: 7 | R35: W3 | S35: 4-0-2
A36: Seattle Kraken | B36: 5 | C36: 3 | D36: 0 | E36: 2 | F36: 8 | G36: 1 | H36: 3 | I36: 0 | J36: 1 | K36: 2-0-0 | L36: 1-0-2 | M36: 2-0-0 | N36: 2-0-0 | O36: 16 | P36: 14 | Q36: 2 | R36: W1 | S36: 3-0-2
A37: Vancouver Canucks | B37: 6 | C37: 4 | D37: 2 | E37: 0 | F37: 8 | G37: 2 | H37: 3 | I37: 1 | J37: 0 | K37: 1-1-0 | L37: 3-1-0 | M37: 1-1-0 | N37: 3-2-0 | O37: 20 | P37: 17 | Q37: 3 | R37: W3 | S37: 4-2-0
A38: Anaheim Ducks | B38: 5 | C38: 2 | D38: 2 | E38: 1 | F38: 5 | G38: 1 | H38: 2 | I38: 0 | J38: 0 | K38: 1-1-0 | L38: 1-1-1 | M38: 1-1-0 | N38: 1-1-1 | O38: 14 | P38: 18 | Q38: -4 | R38: L2 | S38: 2-2-1
A39: Edmonton Oilers | B39: 6 | C39: 2 | D39: 3 | E39: 1 | F39: 5 | G39: 2 | H39: 2 | I39: 0 | J39: 1 | K39: 1-0-1 | L39: 1-3-0 | M39: 1-0-1 | N39: 1-0-1 | O39: 15 | P39: 18 | Q39: -3 | R39: L3 | S39: 2-3-1
A40: Los Angeles Kings | B40: 6 | C40: 1 | D40: 3 | E40: 2 | F40: 4 | G40: -1 | H40: 0 | I40: 1 | J40: 1 | K40: 0-2-1 | L40: 1-1-1 | M40: 1-0-0 | N40: 1-2-1 | O40: 17 | P40: 24 | Q40: -7 | R40: L4 | S40: 1-3-2
A41: Calgary Flames | B41: 6 | C41: 1 | D41: 5 | E41: 0 | F41: 2 | G41: -1 | H41: 0 | I41: 1 | J41: 0 | K41: 0-2-0 | L41: 1-3-0 | M41: 1-3-0 | N41: 1-5-0 | O41: 11 | P41: 25 | Q41: -14 | R41: L5 | S41: 1-5-0
A42: San Jose Sharks | B42: 5 | C42: 0 | D42: 3 | E42: 2 | F42: 2 | G42: 0 | H42: 0 | I42: 0 | J42: 0 | K42: 0-2-2 | L42: 0-1-0 | M42: 0-0-2 | N42: 0-1-2 | O42: 13 | P42: 25 | Q42: -12 | R42: L5 | S42: 0-3-2
A44: RW | B44: Regulation Wins
A45: ROW | B45: Regulation + OT Wins
A46: SOW | B46: Shoot Out Wins
A47: SOL | B47: Shoot Out Losses

Sheet Standings (10_20_25)
A1: Eastern Conference | T1: HOME
A2: Atlantic
A3: Team | B3: GP | C3: W | D3: L | E3: OTL | F3: PTS | G3: RW | H3: ROW | I3: SOW | J3: SOL | K3: Home | L3: Away | M3: Division | N3: Conference | O3: GF | P3: GA | Q3: Diff | R3: Strk | S3: L10
A4: Detroit Red Wings | B4: 6 | C4: 5 | D4: 1 | E4: 0 | F4: 10 | G4: 4 | H4: 5 | I4: 0 | J4: 0 | K4: 4-1-0 | L4: 1-0-0 | M4: 4-1-0 | N4: 4-1-0 | O4: 20 | P4: 14 | Q4: 6 | R4: W5 | S4: 5-1-0
A5: Montreal Canadiens | B5: 7 | C5: 5 | D5: 2 | E5: 0 | F5: 10 | G5: 3 | H5: 5 | I5: 0 | J5: 0 | K5: 3-1-0 | L5: 2-1-0 | M5: 2-1-0 | N5: 2-2-0 | O5: 25 | P5: 20 | Q5: 5 | R5: W1 | S5: 5-2-0
A6: Toronto Maple Leafs | B6: 6 | C6: 3 | D6: 2 | E6: 1 | F6: 7 | G6: 2 | H6: 3 | I6: 0 | J6: 0 | K6: 3-1-1 | L6: 0-1-0 | M6: 1-2-0 | N6: 2-2-0 | O6: 22 | P6: 20 | Q6: 2 | R6: L1 | S6: 3-2-1
A7: Boston Bruins | B7: 7 | C7: 3 | D7: 4 | E7: 0 | F7: 6 | G7: 2 | H7: 3 | I7: 0 | J7: 0 | K7: 2-1-0 | L7: 1-3-0 | M7: 1-1-0 | N7: 2-1-0 | O7: 21 | P7: 22 | Q7: -1 | R7: L4 | S7: 3-4-0
A8: Florida Panthers | B8: 7 | C8: 3 | D8: 4 | E8: 0 | F8: 6 | G8: 3 | H8: 3 | I8: 0 | J8: 0 | K8: 3-0-0 | L8: 0-4-0 | M8: 1-2-0 | N8: 2-4-0 | O8: 15 | P8: 20 | Q8: -5 | R8: L4 | S8: 3-4-0
A9: Buffalo Sabres | B9: 6 | C9: 2 | D9: 4 | E9: 0 | F9: 4 | G9: 2 | H9: 2 | I9: 0 | J9: 0 | K9: 2-2-0 | L9: 0-2-0 | M9: 2-2-0 | N9: 2-3-0 | O9: 15 | P9: 18 | Q9: -3 | R9: L1 | S9: 2-4-0
A10: Ottawa Senators | B10: 6 | C10: 2 | D10: 4 | E10: 0 | F10: 4 | G10: 0 | H10: 1 | I10: 1 | J10: 0 | K10: 1-2-0 | L10: 1-2-0 | M10: 1-2-0 | N10: 1-3-0 | O10: 20 | P10: 30 | Q10: -10 | R10: L1 | S10: 2-4-0
A11: Tampa Bay Lightning | B11: 6 | C11: 1 | D11: 3 | E11: 2 | F11: 4 | G11: 1 | H11: 1 | I11: 0 | J11: 0 | K11: 0-2-0 | L11: 1-1-2 | M11: 1-1-1 | N11: 1-3-2 | O11: 16 | P11: 21 | Q11: -5 | R11: L3 | S11: 1-3-2
A12: Metropolitan
A13: Team | B13: GP | C13: W | D13: L | E13: OTL | F13: PTS | G13: RW | H13: ROW | I13: SOW | J13: SOL | K13: Home | L13: Away | M13: Division | N13: Conference | O13: GF | P13: GA | Q13: Diff | R13: Strk | S13: L10
A14: Carolina Hurricanes | B14: 6 | C14: 5 | D14: 1 | E14: 0 | F14: 10 | G14: 3 | H14: 5 | I14: 0 | J14: 0 | K14: 2-0-0 | L14: 3-1-0 | M14: 2-0-0 | N14: 2-0-0 | O14: 24 | P14: 15 | Q14: 9 | R14: L1 | S14: 5-1-0
A15: New Jersey Devils | B15: 5 | C15: 4 | D15: 1 | E15: 0 | F15: 8 | G15: 4 | H15: 4 | I15: 0 | J15: 0 | K15: 2-0-0 | L15: 2-1-0 | M15: 1-1-0 | N15: 3-1-0 | O15: 19 | P15: 15 | Q15: 4 | R15: W4 | S15: 4-1-0
A16: Pittsburgh Penguins | B16: 6 | C16: 4 | D16: 2 | E16: 0 | F16: 8 | G16: 4 | H16: 4 | I16: 0 | J16: 0 | K16: 1-1-0 | L16: 3-1-0 | M16: 2-1-0 | N16: 2-1-0 | O16: 18 | P16: 15 | Q16: 3 | R16: W2 | S16: 4-2-0
A17: Washington Capitals | B17: 6 | C17: 4 | D17: 2 | E17: 0 | F17: 8 | G17: 3 | H17: 4 | I17: 0 | J17: 0 | K17: 2-2-0 | L17: 2-0-0 | M17: 2-0-0 | N17: 3-1-0 | O17: 17 | P17: 12 | Q17: 5 | R17: L1 | S17: 4-2-0
A18: New York Rangers | B18: 8 | C18: 3 | D18: 4 | E18: 1 | F18: 7 | G18: 3 | H18: 3 | I18: 0 | J18: 0 | K18: 0-4-0 | L18: 3-0-1 | M18: 1-2-0 | N18: 3-2-1 | O18: 16 | P18: 15 | Q18: 1 | R18: L1 | S18: 3-4-1
A19: Philadelphia Flyers | B19: 6 | C19: 3 | D19: 2 | E19: 1 | F19: 7 | G19: 2 | H19: 3 | I19: 0 | J19: 0 | K19: 3-1-0 | L19: 0-1-1 | M19: 0-0-1 | N19: 1-1-1 | O19: 18 | P19: 16 | Q19: 2 | R19: W2 | S19: 3-2-1
A20: Columbus Blue Jackets | B20: 5 | C20: 2 | D20: 3 | E20: 0 | F20: 4 | G20: 2 | H20: 2 | I20: 0 | J20: 0 | K20: 1-2-0 | L20: 1-1-0 | M20: 0-1-0 | N20: 1-1-0 | O20: 14 | P20: 15 | Q20: -1 | R20: W1 | S20: 2-3-0
A21: New York Islanders | B21: 5 | C21: 2 | D21: 3 | E21: 0 | F21: 4 | G21: 2 | H21: 2 | I21: 0 | J21: 0 | K21: 1-2-0 | L21: 1-1-0 | M21: 0-2-0 | N21: 1-2-0 | O21: 16 | P21: 19 | Q21: -3 | R21: W2 | S21: 2-3-0
A22: Western_Conference
A23: Central
A24: Team | B24: GP | C24: W | D24: L | E24: OTL | F24: PTS | G24: RW | H24: ROW | I24: SOW | J24: SOL | K24: Home | L24: Away | M24: Division | N24: Conference | O24: GF | P24: GA | Q24: Diff | R24: Strk | S24: L10
A25: Colorado Avalanche | B25: 6 | C25: 5 | D25: 0 | E25: 1 | F25: 11 | G25: 5 | H25: 5 | I25: 0 | J25: 1 | K25: 2-0-1 | L25: 3-0-0 | M25: 1-0-1 | N25: 2-0-1 | O25: 21 | P25: 10 | Q25: 11 | R25: W3 | S25: 5-0-1
A26: Winnipeg Jets | B26: 6 | C26: 5 | D26: 1 | E26: 0 | F26: 10 | G26: 5 | H26: 5 | I26: 0 | J26: 0 | K26: 2-1-0 | L26: 3-0-0 | M26: 1-1-0 | N26: 3-1-0 | O26: 23 | P26: 13 | Q26: 10 | R26: W5 | S26: 5-1-0
A27: Chicago Blackhawks | B27: 7 | C27: 3 | D27: 2 | E27: 2 | F27: 8 | G27: 2 | H27: 3 | I27: 0 | J27: 1 | K27: 2-1-1 | L27: 1-1-1 | M27: 2-0-0 | N27: 3-0-1 | O27: 22 | P27: 18 | Q27: 4 | R27: W1 | S27: 3-2-2
A28: Utah Mammoth | B28: 6 | C28: 4 | D28: 2 | E28: 0 | F28: 8 | G28: 3 | H28: 4 | I28: 0 | J28: 0 | K28: 3-0-0 | L28: 1-2-0 | M28: 1-2-0 | N28: 3-2-0 | O28: 17 | P28: 13 | Q28: 4 | R28: W3 | S28: 4-2-0
A29: Minnesota Wild | B29: 7 | C29: 3 | D29: 3 | E29: 1 | F29: 7 | G29: 1 | H29: 2 | I29: 1 | J29: 0 | K29: 1-1-0 | L29: 2-2-1 | M29: 1-1-0 | N29: 2-1-0 | O29: 20 | P29: 23 | Q29: -3 | R29: W1 | S29: 3-3-1
A30: Dallas Stars | B30: 5 | C30: 3 | D30: 2 | E30: 0 | F30: 6 | G30: 1 | H30: 2 | I30: 1 | J30: 0 | K30: 1-1-0 | L30: 2-1-0 | M30: 3-1-0 | N30: 3-2-0 | O30: 19 | P30: 18 | Q30: 1 | R30: L2 | S30: 3-2-0
A31: Nashville Predators | B31: 6 | C31: 2 | D31: 2 | E31: 2 | F31: 6 | G31: 2 | H31: 2 | I31: 0 | J31: 0 | K31: 1-0-1 | L31: 1-2-1 | M31: 0-1-1 | N31: 0-1-1 | O31: 15 | P31: 19 | Q31: -4 | R31: L3 | S31: 2-2-2
A32: St. Louis Blues | B32: 5 | C32: 3 | D32: 2 | E32: 0 | F32: 6 | G32: 3 | H32: 3 | I32: 0 | J32: 0 | K32: 1-2-0 | L32: 2-0-0 | M32: 1-2-0 | N32: 3-2-0 | O32: 15 | P32: 18 | Q32: -3 | R32: W1 | S32: 3-2-0
A33: Pacific
A34: Team | B34: GP | C34: W | D34: L | E34: OTL | F34: PTS | G34: RW | H34: ROW | I34: SOW | J34: SOL | K34: Home | L34: Away | M34: Division | N34: Conference | O34: GF | P34: GA | Q34: Diff | R34: Strk | S34: L10
A35: Vegas Golden Knights | B35: 7 | C35: 5 | D35: 0 | E35: 2 | F35: 12 | G35: 4 | H35: 5 | I35: 0 | J35: 1 | K35: 3-0-1 | L35: 2-0-1 | M35: 3-0-2 | N35: 3-0-2 | O35: 30 | P35: 20 | Q35: 10 | R35: W4 | S35: 5-0-2
A36: Seattle Kraken | B36: 6 | C36: 3 | D36: 1 | E36: 2 | F36: 8 | G36: 1 | H36: 3 | I36: 0 | J36: 1 | K36: 2-0-0 | L36: 1-1-2 | M36: 2-0-0 | N36: 2-0-0 | O36: 18 | P36: 19 | Q36: -1 | R36: L1 | S36: 3-1-2
A37: Vancouver Canucks | B37: 6 | C37: 4 | D37: 2 | E37: 0 | F37: 8 | G37: 2 | H37: 3 | I37: 1 | J37: 0 | K37: 1-1-0 | L37: 3-1-0 | M37: 1-1-0 | N37: 3-2-0 | O37: 20 | P37: 17 | Q37: 3 | R37: W3 | S37: 4-2-0
A38: Anaheim Ducks | B38: 5 | C38: 2 | D38: 2 | E38: 1 | F38: 5 | G38: 1 | H38: 2 | I38: 0 | J38: 0 | K38: 1-1-0 | L38: 1-1-1 | M38: 1-1-0 | N38: 1-1-1 | O38: 14 | P38: 18 | Q38: -4 | R38: L2 | S38: 2-2-1
A39: Edmonton Oilers | B39: 6 | C39: 2 | D39: 3 | E39: 1 | F39: 5 | G39: 2 | H39: 2 | I39: 0 | J39: 1 | K39: 1-0-1 | L39: 1-3-0 | M39: 1-0-1 | N39: 1-0-1 | O39: 15 | P39: 18 | Q39: -3 | R39: L3 | S39: 2-3-1
A40: Los Angeles Kings | B40: 6 | C40: 1 | D40: 3 | E40: 2 | F40: 4 | G40: -1 | H40: 0 | I40: 1 | J40: 1 | K40: 0-2-1 | L40: 1-1-1 | M40: 1-0-0 | N40: 1-2-1 | O40: 17 | P40: 24 | Q40: -7 | R40: L4 | S40: 1-3-2
A41: Calgary Flames | B41: 7 | C41: 1 | D41: 6 | E41: 0 | F41: 2 | G41: -1 | H41: 0 | I41: 1 | J41: 0 | K41: 0-3-0 | L41: 1-3-0 | M41: 1-3-0 | N41: 1-6-0 | O41: 12 | P41: 27 | Q41: -15 | R41: L6 | S41: 1-6-0
A42: San Jose Sharks | B42: 5 | C42: 0 | D42: 3 | E42: 2 | F42: 2 | G42: 0 | H42: 0 | I42: 0 | J42: 0 | K42: 0-2-2 | L42: 0-1-0 | M42: 0-0-2 | N42: 0-1-2 | O42: 13 | P42: 25 | Q42: -12 | R42: L5 | S42: 0-3-2
A44: RW | B44: Regulation Wins
A45: ROW | B45: Regulation + OT Wins
A46: SOW | B46: Shoot Out Wins
A47: SOL | B47: Shoot Out Losses

Sheet Standings (10_21_25)
A1: Eastern Conference | T1: HOME
A2: Atlantic
A3: Team | B3: GP | C3: W | D3: L | E3: OTL | F3: PTS | G3: RW | H3: ROW | I3: SOW | J3: SOL | K3: Home | L3: Away | M3: Division | N3: Conference | O3: GF | P3: GA | Q3: Diff | R3: Strk | S3: L10
A4: Detroit Red Wings | B4: 6 | C4: 5 | D4: 1 | E4: 0 | F4: 10 | G4: 4 | H4: 5 | I4: 0 | J4: 0 | K4: 4-1-0 | L4: 1-0-0 | M4: 4-1-0 | N4: 4-1-0 | O4: 20 | P4: 14 | Q4: 6 | R4: W5 | S4: 5-1-0
A5: Montreal Canadiens | B5: 7 | C5: 5 | D5: 2 | E5: 0 | F5: 10 | G5: 3 | H5: 5 | I5: 0 | J5: 0 | K5: 3-1-0 | L5: 2-1-0 | M5: 2-1-0 | N5: 2-2-0 | O5: 25 | P5: 20 | Q5: 5 | R5: W1 | S5: 5-2-0
A6: Florida Panthers | B6: 8 | C6: 4 | D6: 4 | E6: 0 | F6: 8 | G6: 4 | H6: 4 | I6: 0 | J6: 0 | K6: 3-0-0 | L6: 1-4-0 | M6: 2-2-0 | N6: 3-4-0 | O6: 19 | P6: 23 | Q6: -4 | R6: W1 | S6: 4-4-0
A7: Toronto Maple Leafs | B7: 7 | C7: 3 | D7: 3 | E7: 1 | F7: 7 | G7: 2 | H7: 3 | I7: 0 | J7: 0 | K7: 3-2-1 | L7: 0-1-0 | M7: 1-2-0 | N7: 2-3-0 | O7: 24 | P7: 25 | Q7: -1 | R7: L2 | S7: 3-3-1
A8: Boston Bruins | B8: 8 | C8: 3 | D8: 5 | E8: 0 | F8: 6 | G8: 2 | H8: 3 | I8: 0 | J8: 0 | K8: 2-2-0 | L8: 1-3-0 | M8: 1-2-0 | N8: 2-2-0 | O8: 24 | P8: 26 | Q8: -2 | R8: L5 | S8: 3-5-0
A9: Ottawa Senators | B9: 7 | C9: 2 | D9: 4 | E9: 1 | F9: 5 | G9: 0 | H9: 1 | I9: 1 | J9: 0 | K9: 1-2-1 | L9: 1-2-0 | M9: 1-2-0 | N9: 1-3-0 | O9: 22 | P9: 33 | Q9: -11 | R9: L2 | S9: 2-4-1
A10: Buffalo Sabres | B10: 6 | C10: 2 | D10: 4 | E10: 0 | F10: 4 | G10: 2 | H10: 2 | I10: 0 | J10: 0 | K10: 2-2-0 | L10: 0-2-0 | M10: 2-2-0 | N10: 2-3-0 | O10: 15 | P10: 18 | Q10: -3 | R10: L1 | S10: 2-4-0
A11: Tampa Bay Lightning | B11: 6 | C11: 1 | D11: 3 | E11: 2 | F11: 4 | G11: 1 | H11: 1 | I11: 0 | J11: 0 | K11: 0-2-0 | L11: 1-1-2 | M11: 1-1-1 | N11: 1-3-2 | O11: 16 | P11: 21 | Q11: -5 | R11: L3 | S11: 1-3-2
A12: Metropolitan
A13: Team | B13: GP | C13: W | D13: L | E13: OTL | F13: PTS | G13: RW | H13: ROW | I13: SOW | J13: SOL | K13: Home | L13: Away | M13: Division | N13: Conference | O13: GF | P13: GA | Q13: Diff | R13: Strk | S13: L10
A14: Carolina Hurricanes | B14: 6 | C14: 5 | D14: 1 | E14: 0 | F14: 10 | G14: 3 | H14: 5 | I14: 0 | J14: 0 | K14: 2-0-0 | L14: 3-1-0 | M14: 2-0-0 | N14: 2-0-0 | O14: 24 | P14: 15 | Q14: 9 | R14: L1 | S14: 5-1-0
A15: New Jersey Devils | B15: 6 | C15: 5 | D15: 1 | E15: 0 | F15: 10 | G15: 5 | H15: 5 | I15: 0 | J15: 0 | K15: 2-0-0 | L15: 3-1-0 | M15: 1-1-0 | N15: 4-1-0 | O15: 24 | P15: 17 | Q15: 7 | R15: W5 | S15: 5-1-0
A16: Pittsburgh Penguins | B16: 7 | C16: 5 | D16: 2 | E16: 0 | F16: 10 | G16: 5 | H16: 5 | I16: 0 | J16: 0 | K16: 2-1-0 | L16: 3-1-0 | M16: 2-1-0 | N16: 2-1-0 | O16: 23 | P16: 16 | Q16: 7 | R16: W3 | S16: 5-2-0
A17: Washington Capitals | B17: 7 | C17: 5 | D17: 2 | E17: 0 | F17: 10 | G17: 4 | H17: 5 | I17: 0 | J17: 0 | K17: 3-2-0 | L17: 2-0-0 | M17: 2-0-0 | N17: 3-1-0 | O17: 21 | P17: 13 | Q17: 8 | R17: W1 | S17: 5-2-0
A18: New York Rangers | B18: 8 | C18: 3 | D18: 4 | E18: 1 | F18: 7 | G18: 3 | H18: 3 | I18: 0 | J18: 0 | K18: 0-4-0 | L18: 3-0-1 | M18: 1-2-0 | N18: 3-2-1 | O18: 16 | P18: 15 | Q18: 1 | R18: L1 | S18: 3-4-1
A19: Philadelphia Flyers | B19: 6 | C19: 3 | D19: 2 | E19: 1 | F19: 7 | G19: 2 | H19: 3 | I19: 0 | J19: 0 | K19: 3-1-0 | L19: 0-1-1 | M19: 0-0-1 | N19: 1-1-1 | O19: 18 | P19: 16 | Q19: 2 | R19: W2 | S19: 3-2-1
A20: Columbus Blue Jackets | B20: 6 | C20: 3 | D20: 3 | E20: 0 | F20: 6 | G20: 3 | H20: 3 | I20: 0 | J20: 0 | K20: 1-2-0 | L20: 2-1-0 | M20: 0-1-0 | N20: 1-1-0 | O20: 19 | P20: 16 | Q20: 3 | R20: W2 | S20: 3-3-0
A21: New York Islanders | B21: 6 | C21: 3 | D21: 3 | E21: 0 | F21: 6 | G21: 3 | H21: 3 | I21: 0 | J21: 0 | K21: 2-2-0 | L21: 1-1-0 | M21: 0-2-0 | N21: 1-2-0 | O21: 20 | P21: 22 | Q21: -2 | R21: W3 | S21: 3-3-0
A22: Western_Conference
A23: Central
A24: Team | B24: GP | C24: W | D24: L | E24: OTL | F24: PTS | G24: RW | H24: ROW | I24: SOW | J24: SOL | K24: Home | L24: Away | M24: Division | N24: Conference | O24: GF | P24: GA | Q24: Diff | R24: Strk | S24: L10
A25: Colorado Avalanche | B25: 7 | C25: 5 | D25: 0 | E25: 2 | F25: 12 | G25: 5 | H25: 5 | I25: 0 | J25: 1 | K25: 2-0-1 | L25: 3-0-1 | M25: 1-0-2 | N25: 2-0-2 | O25: 24 | P25: 14 | Q25: 10 | R25: L1 | S25: 5-0-2
A26: Utah Mammoth | B26: 7 | C26: 5 | D26: 2 | E26: 0 | F26: 10 | G26: 3 | H26: 5 | I26: 0 | J26: 0 | K26: 4-0-0 | L26: 1-2-0 | M26: 2-2-0 | N26: 4-2-0 | O26: 21 | P26: 16 | Q26: 5 | R26: W4 | S26: 5-2-0
A27: Winnipeg Jets | B27: 6 | C27: 5 | D27: 1 | E27: 0 | F27: 10 | G27: 5 | H27: 5 | I27: 0 | J27: 0 | K27: 2-1-0 | L27: 3-0-0 | M27: 1-1-0 | N27: 3-1-0 | O27: 23 | P27: 13 | Q27: 10 | R27: W5 | S27: 5-1-0
A28: Chicago Blackhawks | B28: 7 | C28: 3 | D28: 2 | E28: 2 | F28: 8 | G28: 2 | H28: 3 | I28: 0 | J28: 1 | K28: 2-1-1 | L28: 1-1-1 | M28: 2-0-0 | N28: 3-0-1 | O28: 22 | P28: 18 | Q28: 4 | R28: W1 | S28: 3-2-2
A29: Minnesota Wild | B29: 7 | C29: 3 | D29: 3 | E29: 1 | F29: 7 | G29: 1 | H29: 2 | I29: 1 | J29: 0 | K29: 1-1-0 | L29: 2-2-1 | M29: 1-1-0 | N29: 2-1-0 | O29: 20 | P29: 23 | Q29: -3 | R29: W1 | S29: 3-3-1
A30: St. Louis Blues | B30: 6 | C30: 3 | D30: 2 | E30: 1 | F30: 7 | G30: 3 | H30: 3 | I30: 0 | J30: 0 | K30: 1-2-1 | L30: 2-0-0 | M30: 1-2-0 | N30: 3-2-1 | O30: 16 | P30: 20 | Q30: -4 | R30: L1 | S30: 3-2-1
A31: Dallas Stars | B31: 6 | C31: 3 | D31: 3 | E31: 0 | F31: 6 | G31: 1 | H31: 2 | I31: 1 | J31: 0 | K31: 1-2-0 | L31: 2-1-0 | M31: 3-1-0 | N31: 3-2-0 | O31: 20 | P31: 23 | Q31: -3 | R31: L3 | S31: 3-3-0
A32: Nashville Predators | B32: 7 | C32: 2 | D32: 3 | E32: 2 | F32: 6 | G32: 2 | H32: 2 | I32: 0 | J32: 0 | K32: 1-1-1 | L32: 1-2-1 | M32: 0-1-1 | N32: 0-2-1 | O32: 17 | P32: 24 | Q32: -7 | R32: L4 | S32: 2-3-2
A33: Pacific
A34: Team | B34: GP | C34: W | D34: L | E34: OTL | F34: PTS | G34: RW | H34: ROW | I34: SOW | J34: SOL | K34: Home | L34: Away | M34: Division | N34: Conference | O34: GF | P34: GA | Q34: Diff | R34: Strk | S34: L10
A35: Vegas Golden Knights | B35: 7 | C35: 5 | D35: 0 | E35: 2 | F35: 12 | G35: 4 | H35: 5 | I35: 0 | J35: 1 | K35: 3-0-1 | L35: 2-0-1 | M35: 3-0-2 | N35: 3-0-2 | O35: 30 | P35: 20 | Q35: 10 | R35: W4 | S35: 5-0-2
A36: Seattle Kraken | B36: 7 | C36: 3 | D36: 2 | E36: 2 | F36: 8 | G36: 1 | H36: 3 | I36: 0 | J36: 1 | K36: 2-0-0 | L36: 1-2-2 | M36: 2-0-0 | N36: 2-0-0 | O36: 19 | P36: 23 | Q36: -4 | R36: L2 | S36: 3-2-2
A37: Vancouver Canucks | B37: 7 | C37: 4 | D37: 3 | E37: 0 | F37: 8 | G37: 2 | H37: 3 | I37: 1 | J37: 0 | K37: 1-1-0 | L37: 3-2-0 | M37: 1-1-0 | N37: 3-2-0 | O37: 21 | P37: 22 | Q37: -1 | R37: L1 | S37: 4-3-0
A38: Anaheim Ducks | B38: 6 | C38: 3 | D38: 2 | E38: 1 | F38: 7 | G38: 2 | H38: 3 | I38: 0 | J38: 0 | K38: 1-1-0 | L38: 2-1-1 | M38: 1-1-0 | N38: 2-1-1 | O38: 19 | P38: 20 | Q38: -1 | R38: W1 | S38: 3-2-1
A39: Edmonton Oilers | B39: 7 | C39: 3 | D39: 3 | E39: 1 | F39: 7 | G39: 2 | H39: 3 | I39: 0 | J39: 1 | K39: 1-0-1 | L39: 2-3-0 | M39: 1-0-1 | N39: 1-0-1 | O39: 18 | P39: 20 | Q39: -2 | R39: W1 | S39: 3-3-1
A40: Los Angeles Kings | B40: 7 | C40: 2 | D40: 3 | E40: 2 | F40: 6 | G40: -1 | H40: 1 | I40: 1 | J40: 1 | K40: 0-2-1 | L40: 2-1-1 | M40: 1-0-0 | N40: 2-2-1 | O40: 19 | P40: 25 | Q40: -6 | R40: W1 | S40: 2-3-2
A41: Calgary Flames | B41: 7 | C41: 1 | D41: 6 | E41: 0 | F41: 2 | G41: -1 | H41: 0 | I41: 1 | J41: 0 | K41: 0-3-0 | L41: 1-3-0 | M41: 1-3-0 | N41: 1-6-0 | O41: 12 | P41: 27 | Q41: -15 | R41: L6 | S41: 1-6-0
A42: San Jose Sharks | B42: 6 | C42: 0 | D42: 4 | E42: 2 | F42: 2 | G42: 0 | H42: 0 | I42: 0 | J42: 0 | K42: 0-2-2 | L42: 0-2-0 | M42: 0-0-2 | N42: 0-1-2 | O42: 16 | P42: 29 | Q42: -13 | R42: L6 | S42: 0-4-2
A44: RW | B44: Regulation Wins
A45: ROW | B45: Regulation + OT Wins
A46: SOW | B46: Shoot Out Wins
A47: SOL | B47: Shoot Out Losses

Sheet Standings (10_22_25)
A1: Eastern Conference | T1: HOME
A2: Atlantic
A3: Team | B3: GP | C3: W | D3: L | E3: OTL | F3: PTS | G3: RW | H3: ROW | I3: SOW | J3: SOL | K3: Home | L3: Away | M3: Division | N3: Conference | O3: GF | P3: GA | Q3: Diff | R3: Strk | S3: L10
A4: Montreal Canadiens | B4: 8 | C4: 6 | D4: 2 | E4: 0 | F4: 12 | G4: 3 | H4: 6 | I4: 0 | J4: 0 | K4: 3-1-0 | L4: 3-1-0 | M4: 2-1-0 | N4: 2-2-0 | O4: 27 | P4: 21 | Q4: 6 | R4: W2 | S4: 6-2-0
A5: Detroit Red Wings | B5: 7 | C5: 5 | D5: 2 | E5: 0 | F5: 10 | G5: 4 | H5: 5 | I5: 0 | J5: 0 | K5: 4-1-0 | L5: 1-1-0 | M5: 4-2-0 | N5: 4-2-0 | O5: 22 | P5: 18 | Q5: 4 | R5: L1 | S5: 5-2-0
A6: Florida Panthers | B6: 8 | C6: 4 | D6: 4 | E6: 0 | F6: 8 | G6: 4 | H6: 4 | I6: 0 | J6: 0 | K6: 3-0-0 | L6: 1-4-0 | M6: 2-2-0 | N6: 3-4-0 | O6: 19 | P6: 23 | Q6: -4 | R6: W1 | S6: 4-4-0
A7: Toronto Maple Leafs | B7: 7 | C7: 3 | D7: 3 | E7: 1 | F7: 7 | G7: 2 | H7: 3 | I7: 0 | J7: 0 | K7: 3-2-1 | L7: 0-1-0 | M7: 1-2-0 | N7: 2-3-0 | O7: 24 | P7: 25 | Q7: -1 | R7: L2 | S7: 3-3-1
A8: Boston Bruins | B8: 8 | C8: 3 | D8: 5 | E8: 0 | F8: 6 | G8: 2 | H8: 3 | I8: 0 | J8: 0 | K8: 2-2-0 | L8: 1-3-0 | M8: 1-2-0 | N8: 2-2-0 | O8: 24 | P8: 26 | Q8: -2 | R8: L5 | S8: 3-5-0
A9: Buffalo Sabres | B9: 7 | C9: 3 | D9: 4 | E9: 0 | F9: 6 | G9: 3 | H9: 3 | I9: 0 | J9: 0 | K9: 3-2-0 | L9: 0-2-0 | M9: 3-2-0 | N9: 3-3-0 | O9: 19 | P9: 20 | Q9: -1 | R9: W1 | S9: 3-4-0
A10: Ottawa Senators | B10: 7 | C10: 2 | D10: 4 | E10: 1 | F10: 5 | G10: 0 | H10: 1 | I10: 1 | J10: 0 | K10: 1-2-1 | L10: 1-2-0 | M10: 1-2-0 | N10: 1-3-0 | O10: 22 | P10: 33 | Q10: -11 | R10: L2 | S10: 2-4-1
A11: Tampa Bay Lightning | B11: 6 | C11: 1 | D11: 3 | E11: 2 | F11: 4 | G11: 1 | H11: 1 | I11: 0 | J11: 0 | K11: 0-2-0 | L11: 1-1-2 | M11: 1-1-1 | N11: 1-3-2 | O11: 16 | P11: 21 | Q11: -5 | R11: L3 | S11: 1-3-2
A12: Metropolitan
A13: Team | B13: GP | C13: W | D13: L | E13: OTL | F13: PTS | G13: RW | H13: ROW | I13: SOW | J13: SOL | K13: Home | L13: Away | M13: Division | N13: Conference | O13: GF | P13: GA | Q13: Diff | R13: Strk | S13: L10
A14: New Jersey Devils | B14: 7 | C14: 6 | D14: 1 | E14: 0 | F14: 12 | G14: 6 | H14: 6 | I14: 0 | J14: 0 | K14: 3-0-0 | L14: 3-1-0 | M14: 1-1-0 | N14: 4-1-0 | O14: 28 | P14: 18 | Q14: 10 | R14: W6 | S14: 6-1-0
A15: Carolina Hurricanes | B15: 6 | C15: 5 | D15: 1 | E15: 0 | F15: 10 | G15: 3 | H15: 5 | I15: 0 | J15: 0 | K15: 2-0-0 | L15: 3-1-0 | M15: 2-0-0 | N15: 2-0-0 | O15: 24 | P15: 15 | Q15: 9 | R15: L1 | S15: 5-1-0
A16: Pittsburgh Penguins | B16: 7 | C16: 5 | D16: 2 | E16: 0 | F16: 10 | G16: 5 | H16: 5 | I16: 0 | J16: 0 | K16: 2-1-0 | L16: 3-1-0 | M16: 2-1-0 | N16: 2-1-0 | O16: 23 | P16: 16 | Q16: 7 | R16: W3 | S16: 5-2-0
A17: Washington Capitals | B17: 7 | C17: 5 | D17: 2 | E17: 0 | F17: 10 | G17: 4 | H17: 5 | I17: 0 | J17: 0 | K17: 3-2-0 | L17: 2-0-0 | M17: 2-0-0 | N17: 3-1-0 | O17: 21 | P17: 13 | Q17: 8 | R17: W1 | S17: 5-2-0
A18: New York Rangers | B18: 8 | C18: 3 | D18: 4 | E18: 1 | F18: 7 | G18: 3 | H18: 3 | I18: 0 | J18: 0 | K18: 0-4-0 | L18: 3-0-1 | M18: 1-2-0 | N18: 3-2-1 | O18: 16 | P18: 15 | Q18: 1 | R18: L1 | S18: 3-4-1
A19: Philadelphia Flyers | B19: 6 | C19: 3 | D19: 2 | E19: 1 | F19: 7 | G19: 2 | H19: 3 | I19: 0 | J19: 0 | K19: 3-1-0 | L19: 0-1-1 | M19: 0-0-1 | N19: 1-1-1 | O19: 18 | P19: 16 | Q19: 2 | R19: W2 | S19: 3-2-1
A20: Columbus Blue Jackets | B20: 6 | C20: 3 | D20: 3 | E20: 0 | F20: 6 | G20: 3 | H20: 3 | I20: 0 | J20: 0 | K20: 1-2-0 | L20: 2-1-0 | M20: 0-1-0 | N20: 1-1-0 | O20: 19 | P20: 16 | Q20: 3 | R20: W2 | S20: 3-3-0
A21: New York Islanders | B21: 6 | C21: 3 | D21: 3 | E21: 0 | F21: 6 | G21: 3 | H21: 3 | I21: 0 | J21: 0 | K21: 2-2-0 | L21: 1-1-0 | M21: 0-2-0 | N21: 1-2-0 | O21: 20 | P21: 22 | Q21: -2 | R21: W3 | S21: 3-3-0
A22: Western_Conference
A23: Central
A24: Team | B24: GP | C24: W | D24: L | E24: OTL | F24: PTS | G24: RW | H24: ROW | I24: SOW | J24: SOL | K24: Home | L24: Away | M24: Division | N24: Conference | O24: GF | P24: GA | Q24: Diff | R24: Strk | S24: L10
A25: Colorado Avalanche | B25: 7 | C25: 5 | D25: 0 | E25: 2 | F25: 12 | G25: 5 | H25: 5 | I25: 0 | J25: 1 | K25: 2-0-1 | L25: 3-0-1 | M25: 1-0-2 | N25: 2-0-2 | O25: 24 | P25: 14 | Q25: 10 | R25: L1 | S25: 5-0-2
A26: Utah Mammoth | B26: 7 | C26: 5 | D26: 2 | E26: 0 | F26: 10 | G26: 3 | H26: 5 | I26: 0 | J26: 0 | K26: 4-0-0 | L26: 1-2-0 | M26: 2-2-0 | N26: 4-2-0 | O26: 21 | P26: 16 | Q26: 5 | R26: W4 | S26: 5-2-0
A27: Winnipeg Jets | B27: 6 | C27: 5 | D27: 1 | E27: 0 | F27: 10 | G27: 5 | H27: 5 | I27: 0 | J27: 0 | K27: 2-1-0 | L27: 3-0-0 | M27: 1-1-0 | N27: 3-1-0 | O27: 23 | P27: 13 | Q27: 10 | R27: W5 | S27: 5-1-0
A28: Chicago Blackhawks | B28: 7 | C28: 3 | D28: 2 | E28: 2 | F28: 8 | G28: 2 | H28: 3 | I28: 0 | J28: 1 | K28: 2-1-1 | L28: 1-1-1 | M28: 2-0-0 | N28: 3-0-1 | O28: 22 | P28: 18 | Q28: 4 | R28: W1 | S28: 3-2-2
A29: Minnesota Wild | B29: 8 | C29: 3 | D29: 4 | E29: 1 | F29: 7 | G29: 1 | H29: 2 | I29: 1 | J29: 0 | K29: 1-1-0 | L29: 2-3-1 | M29: 1-1-0 | N29: 2-1-0 | O29: 21 | P29: 27 | Q29: -6 | R29: L1 | S29: 3-4-1
A30: St. Louis Blues | B30: 6 | C30: 3 | D30: 2 | E30: 1 | F30: 7 | G30: 3 | H30: 3 | I30: 0 | J30: 0 | K30: 1-2-1 | L30: 2-0-0 | M30: 1-2-0 | N30: 3-2-1 | O30: 16 | P30: 20 | Q30: -4 | R30: L1 | S30: 3-2-1
A31: Dallas Stars | B31: 6 | C31: 3 | D31: 3 | E31: 0 | F31: 6 | G31: 1 | H31: 2 | I31: 1 | J31: 0 | K31: 1-2-0 | L31: 2-1-0 | M31: 3-1-0 | N31: 3-2-0 | O31: 20 | P31: 23 | Q31: -3 | R31: L3 | S31: 3-3-0
A32: Nashville Predators | B32: 7 | C32: 2 | D32: 3 | E32: 2 | F32: 6 | G32: 2 | H32: 2 | I32: 0 | J32: 0 | K32: 1-1-1 | L32: 1-2-1 | M32: 0-1-1 | N32: 0-2-1 | O32: 17 | P32: 24 | Q32: -7 | R32: L4 | S32: 2-3-2
A33: Pacific
A34: Team | B34: GP | C34: W | D34: L | E34: OTL | F34: PTS | G34: RW | H34: ROW | I34: SOW | J34: SOL | K34: Home | L34: Away | M34: Division | N34: Conference | O34: GF | P34: GA | Q34: Diff | R34: Strk | S34: L10
A35: Vegas Golden Knights | B35: 7 | C35: 5 | D35: 0 | E35: 2 | F35: 12 | G35: 4 | H35: 5 | I35: 0 | J35: 1 | K35: 3-0-1 | L35: 2-0-1 | M35: 3-0-2 | N35: 3-0-2 | O35: 30 | P35: 20 | Q35: 10 | R35: W4 | S35: 5-0-2
A36: Seattle Kraken | B36: 7 | C36: 3 | D36: 2 | E36: 2 | F36: 8 | G36: 1 | H36: 3 | I36: 0 | J36: 1 | K36: 2-0-0 | L36: 1-2-2 | M36: 2-0-0 | N36: 2-0-0 | O36: 19 | P36: 23 | Q36: -4 | R36: L2 | S36: 3-2-2
A37: Vancouver Canucks | B37: 7 | C37: 4 | D37: 3 | E37: 0 | F37: 8 | G37: 2 | H37: 3 | I37: 1 | J37: 0 | K37: 1-1-0 | L37: 3-2-0 | M37: 1-1-0 | N37: 3-2-0 | O37: 21 | P37: 22 | Q37: -1 | R37: L1 | S37: 4-3-0
A38: Anaheim Ducks | B38: 6 | C38: 3 | D38: 2 | E38: 1 | F38: 7 | G38: 2 | H38: 3 | I38: 0 | J38: 0 | K38: 1-1-0 | L38: 2-1-1 | M38: 1-1-0 | N38: 2-1-1 | O38: 19 | P38: 20 | Q38: -1 | R38: W1 | S38: 3-2-1
A39: Edmonton Oilers | B39: 7 | C39: 3 | D39: 3 | E39: 1 | F39: 7 | G39: 2 | H39: 3 | I39: 0 | J39: 1 | K39: 1-0-1 | L39: 2-3-0 | M39: 1-0-1 | N39: 1-0-1 | O39: 18 | P39: 20 | Q39: -2 | R39: W1 | S39: 3-3-1
A40: Los Angeles Kings | B40: 7 | C40: 2 | D40: 3 | E40: 2 | F40: 6 | G40: -1 | H40: 1 | I40: 1 | J40: 1 | K40: 0-2-1 | L40: 2-1-1 | M40: 1-0-0 | N40: 2-2-1 | O40: 19 | P40: 25 | Q40: -6 | R40: W1 | S40: 2-3-2
A41: Calgary Flames | B41: 8 | C41: 1 | D41: 6 | E41: 1 | F41: 3 | G41: -1 | H41: 0 | I41: 1 | J41: 0 | K41: 0-3-1 | L41: 1-3-0 | M41: 1-3-0 | N41: 1-6-0 | O41: 13 | P41: 29 | Q41: -16 | R41: L7 | S41: 1-6-1
A42: San Jose Sharks | B42: 6 | C42: 0 | D42: 4 | E42: 2 | F42: 2 | G42: 0 | H42: 0 | I42: 0 | J42: 0 | K42: 0-2-2 | L42: 0-2-0 | M42: 0-0-2 | N42: 0-1-2 | O42: 16 | P42: 29 | Q42: -13 | R42: L6 | S42: 0-4-2
A44: RW | B44: Regulation Wins
A45: ROW | B45: Regulation + OT Wins
A46: SOW | B46: Shoot Out Wins
A47: SOL | B47: Shoot Out Losses

Sheet Standings (10_23_25)
A1: Eastern Conference | T1: HOME
A2: Atlantic
A3: Team | B3: GP | C3: W | D3: L | E3: OTL | F3: PTS | G3: RW | H3: ROW | I3: SOW | J3: SOL | K3: Home | L3: Away | M3: Division | N3: Conference | O3: GF | P3: GA | Q3: Diff | R3: Strk | S3: L10
A4: Montreal Canadiens | B4: 9 | C4: 6 | D4: 3 | E4: 0 | F4: 12 | G4: 3 | H4: 6 | I4: 0 | J4: 0 | K4: 3-1-0 | L4: 3-2-0 | M4: 2-1-0 | N4: 2-2-0 | O4: 32 | P4: 27 | Q4: 5 | R4: L1 | S4: 6-3-0
A5: Detroit Red Wings | B5: 8 | C5: 5 | D5: 3 | E5: 0 | F5: 10 | G5: 4 | H5: 5 | I5: 0 | J5: 0 | K5: 4-1-0 | L5: 1-2-0 | M5: 4-2-0 | N5: 4-3-0 | O5: 24 | P5: 25 | Q5: -1 | R5: L2 | S5: 5-3-0
A6: Florida Panthers | B6: 9 | C6: 4 | D6: 5 | E6: 0 | F6: 8 | G6: 4 | H6: 4 | I6: 0 | J6: 0 | K6: 3-1-0 | L6: 1-4-0 | M6: 2-2-0 | N6: 3-5-0 | O6: 22 | P6: 28 | Q6: -6 | R6: L1 | S6: 4-5-0
A7: Ottawa Senators | B7: 8 | C7: 3 | D7: 4 | E7: 1 | F7: 7 | G7: 1 | H7: 2 | I7: 1 | J7: 0 | K7: 2-2-1 | L7: 1-2-0 | M7: 1-2-0 | N7: 2-3-0 | O7: 24 | P7: 34 | Q7: -10 | R7: W1 | S7: 3-4-1
A8: Toronto Maple Leafs | B8: 7 | C8: 3 | D8: 3 | E8: 1 | F8: 7 | G8: 2 | H8: 3 | I8: 0 | J8: 0 | K8: 3-2-1 | L8: 0-1-0 | M8: 1-2-0 | N8: 2-3-0 | O8: 24 | P8: 25 | Q8: -1 | R8: L2 | S8: 3-3-1
A9: Boston Bruins | B9: 9 | C9: 3 | D9: 6 | E9: 0 | F9: 6 | G9: 2 | H9: 3 | I9: 0 | J9: 0 | K9: 2-3-0 | L9: 1-3-0 | M9: 1-2-0 | N9: 2-2-0 | O9: 29 | P9: 33 | Q9: -4 | R9: L6 | S9: 3-6-0
A10: Buffalo Sabres | B10: 7 | C10: 3 | D10: 4 | E10: 0 | F10: 6 | G10: 3 | H10: 3 | I10: 0 | J10: 0 | K10: 3-2-0 | L10: 0-2-0 | M10: 3-2-0 | N10: 3-3-0 | O10: 19 | P10: 20 | Q10: -1 | R10: W1 | S10: 3-4-0
A11: Tampa Bay Lightning | B11: 7 | C11: 1 | D11: 4 | E11: 2 | F11: 4 | G11: 1 | H11: 1 | I11: 0 | J11: 0 | K11: 0-3-0 | L11: 1-1-2 | M11: 1-1-1 | N11: 1-3-2 | O11: 18 | P11: 24 | Q11: -6 | R11: L4 | S11: 1-4-2
A12: Metropolitan
A13: Team | B13: GP | C13: W | D13: L | E13: OTL | F13: PTS | G13: RW | H13: ROW | I13: SOW | J13: SOL | K13: Home | L13: Away | M13: Division | N13: Conference | O13: GF | P13: GA | Q13: Diff | R13: Strk | S13: L10
A14: Carolina Hurricanes | B14: 7 | C14: 6 | D14: 1 | E14: 0 | F14: 12 | G14: 2 | H14: 5 | I14: 1 | J14: 0 | K14: 2-0-0 | L14: 4-1-0 | M14: 2-0-0 | N14: 2-0-0 | O14: 29 | P14: 19 | Q14: 10 | R14: W1 | S14: 6-1-0
A15: New Jersey Devils | B15: 7 | C15: 6 | D15: 1 | E15: 0 | F15: 12 | G15: 6 | H15: 6 | I15: 0 | J15: 0 | K15: 3-0-0 | L15: 3-1-0 | M15: 1-1-0 | N15: 4-1-0 | O15: 28 | P15: 18 | Q15: 10 | R15: W6 | S15: 6-1-0
A16: Pittsburgh Penguins | B16: 8 | C16: 6 | D16: 2 | E16: 0 | F16: 12 | G16: 6 | H16: 6 | I16: 0 | J16: 0 | K16: 2-1-0 | L16: 4-1-0 | M16: 2-1-0 | N16: 3-1-0 | O16: 28 | P16: 19 | Q16: 9 | R16: W4 | S16: 6-2-0
A17: Washington Capitals | B17: 7 | C17: 5 | D17: 2 | E17: 0 | F17: 10 | G17: 4 | H17: 5 | I17: 0 | J17: 0 | K17: 3-2-0 | L17: 2-0-0 | M17: 2-0-0 | N17: 3-1-0 | O17: 21 | P17: 13 | Q17: 8 | R17: W1 | S17: 5-2-0
A18: New York Islanders | B18: 7 | C18: 4 | D18: 3 | E18: 0 | F18: 8 | G18: 4 | H18: 4 | I18: 0 | J18: 0 | K18: 3-2-0 | L18: 1-1-0 | M18: 0-2-0 | N18: 2-2-0 | O18: 27 | P18: 24 | Q18: 3 | R18: W4 | S18: 4-3-0
A19: New York Rangers | B19: 9 | C19: 3 | D19: 4 | E19: 2 | F19: 8 | G19: 3 | H19: 3 | I19: 0 | J19: 0 | K19: 0-4-1 | L19: 3-0-1 | M19: 1-2-0 | N19: 3-2-1 | O19: 21 | P19: 21 | Q19: 0 | R19: L2 | S19: 3-4-2
A20: Philadelphia Flyers | B20: 7 | C20: 3 | D20: 3 | E20: 1 | F20: 7 | G20: 2 | H20: 3 | I20: 0 | J20: 0 | K20: 3-1-0 | L20: 0-2-1 | M20: 0-0-1 | N20: 1-2-1 | O20: 19 | P20: 18 | Q20: 1 | R20: L1 | S20: 3-3-1
A21: Columbus Blue Jackets | B21: 6 | C21: 3 | D21: 3 | E21: 0 | F21: 6 | G21: 3 | H21: 3 | I21: 0 | J21: 0 | K21: 1-2-0 | L21: 2-1-0 | M21: 0-1-0 | N21: 1-1-0 | O21: 19 | P21: 16 | Q21: 3 | R21: W2 | S21: 3-3-0
A22: Western_Conference
A23: Central
A24: Team | B24: GP | C24: W | D24: L | E24: OTL | F24: PTS | G24: RW | H24: ROW | I24: SOW | J24: SOL | K24: Home | L24: Away | M24: Division | N24: Conference | O24: GF | P24: GA | Q24: Diff | R24: Strk | S24: L10
A25: Colorado Avalanche | B25: 8 | C25: 5 | D25: 0 | E25: 3 | F25: 13 | G25: 5 | H25: 5 | I25: 0 | J25: 2 | K25: 2-0-2 | L25: 3-0-1 | M25: 1-0-2 | N25: 2-0-2 | O25: 28 | P25: 19 | Q25: 9 | R25: L2 | S25: 5-0-3
A26: Utah Mammoth | B26: 8 | C26: 6 | D26: 2 | E26: 0 | F26: 12 | G26: 4 | H26: 6 | I26: 0 | J26: 0 | K26: 4-0-0 | L26: 2-2-0 | M26: 3-2-0 | N26: 5-2-0 | O26: 28 | P26: 20 | Q26: 8 | R26: W5 | S26: 6-2-0
A27: Chicago Blackhawks | B27: 8 | C27: 4 | D27: 2 | E27: 2 | F27: 10 | G27: 3 | H27: 4 | I27: 0 | J27: 1 | K27: 2-1-1 | L27: 2-1-1 | M27: 2-0-0 | N27: 3-0-1 | O27: 25 | P27: 20 | Q27: 5 | R27: W2 | S27: 4-2-2
A28: Winnipeg Jets | B28: 7 | C28: 5 | D28: 2 | E28: 0 | F28: 10 | G28: 5 | H28: 5 | I28: 0 | J28: 0 | K28: 2-2-0 | L28: 3-0-0 | M28: 1-1-0 | N28: 3-2-0 | O28: 23 | P28: 16 | Q28: 7 | R28: L1 | S28: 5-2-0
A29: Nashville Predators | B29: 8 | C29: 3 | D29: 3 | E29: 2 | F29: 8 | G29: 3 | H29: 3 | I29: 0 | J29: 0 | K29: 2-1-1 | L29: 1-2-1 | M29: 0-1-1 | N29: 1-2-1 | O29: 19 | P29: 25 | Q29: -6 | R29: W1 | S29: 3-3-2
A30: Dallas Stars | B30: 7 | C30: 3 | D30: 3 | E30: 1 | F30: 7 | G30: 1 | H30: 2 | I30: 1 | J30: 0 | K30: 1-2-1 | L30: 2-1-0 | M30: 3-1-0 | N30: 3-2-1 | O30: 22 | P30: 26 | Q30: -4 | R30: L4 | S30: 3-3-1
A31: Minnesota Wild | B31: 8 | C31: 3 | D31: 4 | E31: 1 | F31: 7 | G31: 1 | H31: 2 | I31: 1 | J31: 0 | K31: 1-1-0 | L31: 2-3-1 | M31: 1-1-0 | N31: 2-1-0 | O31: 21 | P31: 27 | Q31: -6 | R31: L1 | S31: 3-4-1
A32: St. Louis Blues | B32: 7 | C32: 3 | D32: 3 | E32: 1 | F32: 7 | G32: 3 | H32: 3 | I32: 0 | J32: 0 | K32: 1-3-1 | L32: 2-0-0 | M32: 1-3-0 | N32: 3-3-1 | O32: 20 | P32: 27 | Q32: -7 | R32: L2 | S32: 3-3-1
A33: Pacific
A34: Team | B34: GP | C34: W | D34: L | E34: OTL | F34: PTS | G34: RW | H34: ROW | I34: SOW | J34: SOL | K34: Home | L34: Away | M34: Division | N34: Conference | O34: GF | P34: GA | Q34: Diff | R34: Strk | S34: L10
A35: Vegas Golden Knights | B35: 7 | C35: 5 | D35: 0 | E35: 2 | F35: 12 | G35: 4 | H35: 5 | I35: 0 | J35: 1 | K35: 3-0-1 | L35: 2-0-1 | M35: 3-0-2 | N35: 3-0-2 | O35: 30 | P35: 20 | Q35: 10 | R35: W4 | S35: 5-0-2
A36: Seattle Kraken | B36: 8 | C36: 4 | D36: 2 | E36: 2 | F36: 10 | G36: 2 | H36: 4 | I36: 0 | J36: 1 | K36: 2-0-0 | L36: 2-2-2 | M36: 2-0-0 | N36: 3-0-0 | O36: 22 | P36: 23 | Q36: -1 | R36: W1 | S36: 4-2-2
A37: Anaheim Ducks | B37: 7 | C37: 4 | D37: 2 | E37: 1 | F37: 9 | G37: 3 | H37: 4 | I37: 0 | J37: 0 | K37: 1-1-0 | L37: 3-1-1 | M37: 1-1-0 | N37: 2-1-1 | O37: 26 | P37: 25 | Q37: 1 | R37: W2 | S37: 4-2-1
A38: Edmonton Oilers | B38: 8 | C38: 4 | D38: 3 | E38: 1 | F38: 9 | G38: 3 | H38: 4 | I38: 0 | J38: 1 | K38: 2-0-1 | L38: 2-3-0 | M38: 1-0-1 | N38: 1-0-1 | O38: 24 | P38: 25 | Q38: -1 | R38: W2 | S38: 4-3-1
A39: Los Angeles Kings | B39: 8 | C39: 3 | D39: 3 | E39: 2 | F39: 8 | G39: -1 | H39: 2 | I39: 1 | J39: 1 | K39: 0-2-1 | L39: 3-1-1 | M39: 1-0-0 | N39: 3-2-1 | O39: 22 | P39: 27 | Q39: -5 | R39: W2 | S39: 3-3-2
A40: Vancouver Canucks | B40: 8 | C40: 4 | D40: 4 | E40: 0 | F40: 8 | G40: 2 | H40: 3 | I40: 1 | J40: 0 | K40: 1-1-0 | L40: 3-3-0 | M40: 1-1-0 | N40: 3-3-0 | O40: 22 | P40: 24 | Q40: -2 | R40: L2 | S40: 4-4-0
A41: San Jose Sharks | B41: 7 | C41: 1 | D41: 4 | E41: 2 | F41: 4 | G41: 0 | H41: 1 | I41: 0 | J41: 0 | K41: 0-2-2 | L41: 1-2-0 | M41: 0-0-2 | N41: 0-1-2 | O41: 22 | P41: 34 | Q41: -12 | R41: W1 | S41: 1-4-2
A42: Calgary Flames | B42: 8 | C42: 1 | D42: 6 | E42: 1 | F42: 3 | G42: -1 | H42: 0 | I42: 1 | J42: 0 | K42: 0-3-1 | L42: 1-3-0 | M42: 1-3-0 | N42: 1-6-0 | O42: 13 | P42: 29 | Q42: -16 | R42: L7 | S42: 1-6-1
A44: RW | B44: Regulation Wins
A45: ROW | B45: Regulation + OT Wins
A46: SOW | B46: Shoot Out Wins
A47: SOL | B47: Shoot Out Losses

Sheet Standings (10_24_25)
A1: Eastern Conference | T1: HOME
A2: Atlantic
A3: Team | B3: GP | C3: W | D3: L | E3: OTL | F3: PTS | G3: RW | H3: ROW | I3: SOW | J3: SOL | K3: Home | L3: Away | M3: Division | N3: Conference | O3: GF | P3: GA | Q3: Diff | R3: Strk | S3: L10
A4: Montreal Canadiens | B4: 9 | C4: 6 | D4: 3 | E4: 0 | F4: 12 | G4: 3 | H4: 6 | I4: 0 | J4: 0 | K4: 3-1-0 | L4: 3-2-0 | M4: 2-1-0 | N4: 2-2-0 | O4: 32 | P4: 27 | Q4: 5 | R4: L1 | S4: 6-3-0
A5: Detroit Red Wings | B5: 8 | C5: 5 | D5: 3 | E5: 0 | F5: 10 | G5: 4 | H5: 5 | I5: 0 | J5: 0 | K5: 4-1-0 | L5: 1-2-0 | M5: 4-2-0 | N5: 4-3-0 | O5: 24 | P5: 25 | Q5: -1 | R5: L2 | S5: 5-3-0
A6: Buffalo Sabres | B6: 8 | C6: 4 | D6: 4 | E6: 0 | F6: 8 | G6: 4 | H6: 4 | I6: 0 | J6: 0 | K6: 4-2-0 | L6: 0-2-0 | M6: 4-2-0 | N6: 4-3-0 | O6: 24 | P6: 23 | Q6: 1 | R6: W2 | S6: 4-4-0
A7: Florida Panthers | B7: 9 | C7: 4 | D7: 5 | E7: 0 | F7: 8 | G7: 4 | H7: 4 | I7: 0 | J7: 0 | K7: 3-1-0 | L7: 1-4-0 | M7: 2-2-0 | N7: 3-5-0 | O7: 22 | P7: 28 | Q7: -6 | R7: L1 | S7: 4-5-0
A8: Ottawa Senators | B8: 8 | C8: 3 | D8: 4 | E8: 1 | F8: 7 | G8: 1 | H8: 2 | I8: 1 | J8: 0 | K8: 2-2-1 | L8: 1-2-0 | M8: 1-2-0 | N8: 2-3-0 | O8: 24 | P8: 34 | Q8: -10 | R8: W1 | S8: 3-4-1
A9: Toronto Maple Leafs | B9: 8 | C9: 3 | D9: 4 | E9: 1 | F9: 7 | G9: 2 | H9: 3 | I9: 0 | J9: 0 | K9: 3-2-1 | L9: 0-2-0 | M9: 1-3-0 | N9: 2-4-0 | O9: 27 | P9: 30 | Q9: -3 | R9: L3 | S9: 3-4-1
A10: Boston Bruins | B10: 9 | C10: 3 | D10: 6 | E10: 0 | F10: 6 | G10: 2 | H10: 3 | I10: 0 | J10: 0 | K10: 2-3-0 | L10: 1-3-0 | M10: 1-2-0 | N10: 2-2-0 | O10: 29 | P10: 33 | Q10: -4 | R10: L6 | S10: 3-6-0
A11: Tampa Bay Lightning | B11: 7 | C11: 1 | D11: 4 | E11: 2 | F11: 4 | G11: 1 | H11: 1 | I11: 0 | J11: 0 | K11: 0-3-0 | L11: 1-1-2 | M11: 1-1-1 | N11: 1-3-2 | O11: 18 | P11: 24 | Q11: -6 | R11: L4 | S11: 1-4-2
A12: Metropolitan
A13: Team | B13: GP | C13: W | D13: L | E13: OTL | F13: PTS | G13: RW | H13: ROW | I13: SOW | J13: SOL | K13: Home | L13: Away | M13: Division | N13: Conference | O13: GF | P13: GA | Q13: Diff | R13: Strk | S13: L10
A14: New Jersey Devils | B14: 8 | C14: 7 | D14: 1 | E14: 0 | F14: 14 | G14: 7 | H14: 7 | I14: 0 | J14: 0 | K14: 4-0-0 | L14: 3-1-0 | M14: 1-1-0 | N14: 4-1-0 | O14: 31 | P14: 19 | Q14: 12 | R14: W7 | S14: 7-1-0
A15: Carolina Hurricanes | B15: 7 | C15: 6 | D15: 1 | E15: 0 | F15: 12 | G15: 2 | H15: 5 | I15: 1 | J15: 0 | K15: 2-0-0 | L15: 4-1-0 | M15: 2-0-0 | N15: 2-0-0 | O15: 29 | P15: 19 | Q15: 10 | R15: W1 | S15: 6-1-0
A16: Pittsburgh Penguins | B16: 8 | C16: 6 | D16: 2 | E16: 0 | F16: 12 | G16: 6 | H16: 6 | I16: 0 | J16: 0 | K16: 2-1-0 | L16: 4-1-0 | M16: 2-1-0 | N16: 3-1-0 | O16: 28 | P16: 19 | Q16: 9 | R16: W4 | S16: 6-2-0
A17: Washington Capitals | B17: 8 | C17: 6 | D17: 2 | E17: 0 | F17: 12 | G17: 5 | H17: 6 | I17: 0 | J17: 0 | K17: 3-2-0 | L17: 3-0-0 | M17: 3-0-0 | N17: 4-1-0 | O17: 26 | P17: 14 | Q17: 12 | R17: W2 | S17: 6-2-0
A18: New York Islanders | B18: 7 | C18: 4 | D18: 3 | E18: 0 | F18: 8 | G18: 4 | H18: 4 | I18: 0 | J18: 0 | K18: 3-2-0 | L18: 1-1-0 | M18: 0-2-0 | N18: 2-2-0 | O18: 27 | P18: 24 | Q18: 3 | R18: W4 | S18: 4-3-0
A19: New York Rangers | B19: 9 | C19: 3 | D19: 4 | E19: 2 | F19: 8 | G19: 3 | H19: 3 | I19: 0 | J19: 0 | K19: 0-4-1 | L19: 3-0-1 | M19: 1-2-0 | N19: 3-2-1 | O19: 21 | P19: 21 | Q19: 0 | R19: L2 | S19: 3-4-2
A20: Philadelphia Flyers | B20: 7 | C20: 3 | D20: 3 | E20: 1 | F20: 7 | G20: 2 | H20: 3 | I20: 0 | J20: 0 | K20: 3-1-0 | L20: 0-2-1 | M20: 0-0-1 | N20: 1-2-1 | O20: 19 | P20: 18 | Q20: 1 | R20: L1 | S20: 3-3-1
A21: Columbus Blue Jackets | B21: 7 | C21: 3 | D21: 4 | E21: 0 | F21: 6 | G21: 3 | H21: 3 | I21: 0 | J21: 0 | K21: 1-3-0 | L21: 2-1-0 | M21: 0-2-0 | N21: 1-2-0 | O21: 20 | P21: 21 | Q21: -1 | R21: L1 | S21: 3-4-0
A22: Western_Conference
A23: Central
A24: Team | B24: GP | C24: W | D24: L | E24: OTL | F24: PTS | G24: RW | H24: ROW | I24: SOW | J24: SOL | K24: Home | L24: Away | M24: Division | N24: Conference | O24: GF | P24: GA | Q24: Diff | R24: Strk | S24: L10
A25: Colorado Avalanche | B25: 8 | C25: 5 | D25: 0 | E25: 3 | F25: 13 | G25: 5 | H25: 5 | I25: 0 | J25: 2 | K25: 2-0-2 | L25: 3-0-1 | M25: 1-0-2 | N25: 2-0-2 | O25: 28 | P25: 19 | Q25: 9 | R25: L2 | S25: 5-0-3
A26: Utah Mammoth | B26: 8 | C26: 6 | D26: 2 | E26: 0 | F26: 12 | G26: 4 | H26: 6 | I26: 0 | J26: 0 | K26: 4-0-0 | L26: 2-2-0 | M26: 3-2-0 | N26: 5-2-0 | O26: 28 | P26: 20 | Q26: 8 | R26: W5 | S26: 6-2-0
A27: Winnipeg Jets | B27: 8 | C27: 6 | D27: 2 | E27: 0 | F27: 12 | G27: 6 | H27: 6 | I27: 0 | J27: 0 | K27: 3-2-0 | L27: 3-0-0 | M27: 1-1-0 | N27: 4-2-0 | O27: 28 | P27: 19 | Q27: 9 | R27: W1 | S27: 6-2-0
A28: Chicago Blackhawks | B28: 8 | C28: 4 | D28: 2 | E28: 2 | F28: 10 | G28: 3 | H28: 4 | I28: 0 | J28: 1 | K28: 2-1-1 | L28: 2-1-1 | M28: 2-0-0 | N28: 3-0-1 | O28: 25 | P28: 20 | Q28: 5 | R28: W2 | S28: 4-2-2
A29: Nashville Predators | B29: 8 | C29: 3 | D29: 3 | E29: 2 | F29: 8 | G29: 3 | H29: 3 | I29: 0 | J29: 0 | K29: 2-1-1 | L29: 1-2-1 | M29: 0-1-1 | N29: 1-2-1 | O29: 19 | P29: 25 | Q29: -6 | R29: W1 | S29: 3-3-2
A30: Dallas Stars | B30: 7 | C30: 3 | D30: 3 | E30: 1 | F30: 7 | G30: 1 | H30: 2 | I30: 1 | J30: 0 | K30: 1-2-1 | L30: 2-1-0 | M30: 3-1-0 | N30: 3-2-1 | O30: 22 | P30: 26 | Q30: -4 | R30: L4 | S30: 3-3-1
A31: Minnesota Wild | B31: 8 | C31: 3 | D31: 4 | E31: 1 | F31: 7 | G31: 1 | H31: 2 | I31: 1 | J31: 0 | K31: 1-1-0 | L31: 2-3-1 | M31: 1-1-0 | N31: 2-1-0 | O31: 21 | P31: 27 | Q31: -6 | R31: L1 | S31: 3-4-1
A32: St. Louis Blues | B32: 7 | C32: 3 | D32: 3 | E32: 1 | F32: 7 | G32: 3 | H32: 3 | I32: 0 | J32: 0 | K32: 1-3-1 | L32: 2-0-0 | M32: 1-3-0 | N32: 3-3-1 | O32: 20 | P32: 27 | Q32: -7 | R32: L2 | S32: 3-3-1
A33: Pacific
A34: Team | B34: GP | C34: W | D34: L | E34: OTL | F34: PTS | G34: RW | H34: ROW | I34: SOW | J34: SOL | K34: Home | L34: Away | M34: Division | N34: Conference | O34: GF | P34: GA | Q34: Diff | R34: Strk | S34: L10
A35: Vegas Golden Knights | B35: 7 | C35: 5 | D35: 0 | E35: 2 | F35: 12 | G35: 4 | H35: 5 | I35: 0 | J35: 1 | K35: 3-0-1 | L35: 2-0-1 | M35: 3-0-2 | N35: 3-0-2 | O35: 30 | P35: 20 | Q35: 10 | R35: W4 | S35: 5-0-2
A36: Seattle Kraken | B36: 8 | C36: 4 | D36: 2 | E36: 2 | F36: 10 | G36: 2 | H36: 4 | I36: 0 | J36: 1 | K36: 2-0-0 | L36: 2-2-2 | M36: 2-0-0 | N36: 3-0-0 | O36: 22 | P36: 23 | Q36: -1 | R36: W1 | S36: 4-2-2
A37: Anaheim Ducks | B37: 7 | C37: 4 | D37: 2 | E37: 1 | F37: 9 | G37: 3 | H37: 4 | I37: 0 | J37: 0 | K37: 1-1-0 | L37: 3-1-1 | M37: 1-1-0 | N37: 2-1-1 | O37: 26 | P37: 25 | Q37: 1 | R37: W2 | S37: 4-2-1
A38: Edmonton Oilers | B38: 8 | C38: 4 | D38: 3 | E38: 1 | F38: 9 | G38: 3 | H38: 4 | I38: 0 | J38: 1 | K38: 2-0-1 | L38: 2-3-0 | M38: 1-0-1 | N38: 1-0-1 | O38: 24 | P38: 25 | Q38: -1 | R38: W2 | S38: 4-3-1
A39: Los Angeles Kings | B39: 8 | C39: 3 | D39: 3 | E39: 2 | F39: 8 | G39: -1 | H39: 2 | I39: 1 | J39: 1 | K39: 0-2-1 | L39: 3-1-1 | M39: 1-0-0 | N39: 3-2-1 | O39: 22 | P39: 27 | Q39: -5 | R39: W2 | S39: 3-3-2
A40: Vancouver Canucks | B40: 8 | C40: 4 | D40: 4 | E40: 0 | F40: 8 | G40: 2 | H40: 3 | I40: 1 | J40: 0 | K40: 1-1-0 | L40: 3-3-0 | M40: 1-1-0 | N40: 3-3-0 | O40: 22 | P40: 24 | Q40: -2 | R40: L2 | S40: 4-4-0
A41: San Jose Sharks | B41: 8 | C41: 1 | D41: 5 | E41: 2 | F41: 4 | G41: 0 | H41: 1 | I41: 0 | J41: 0 | K41: 0-2-2 | L41: 1-3-0 | M41: 0-0-2 | N41: 0-1-2 | O41: 23 | P41: 37 | Q41: -14 | R41: L1 | S41: 1-5-2
A42: Calgary Flames | B42: 9 | C42: 1 | D42: 7 | E42: 1 | F42: 3 | G42: -1 | H42: 0 | I42: 1 | J42: 0 | K42: 0-3-1 | L42: 1-4-0 | M42: 1-3-0 | N42: 1-7-0 | O42: 16 | P42: 34 | Q42: -18 | R42: L8 | S42: 1-7-1
A44: RW | B44: Regulation Wins
A45: ROW | B45: Regulation + OT Wins
A46: SOW | B46: Shoot Out Wins
A47: SOL | B47: Shoot Out Losses

Sheet Standings (10_25_25)
A1: Eastern Conference | T1: HOME
A2: Atlantic
A3: Team | B3: GP | C3: W | D3: L | E3: OTL | F3: PTS | G3: RW | H3: ROW | I3: SOW | J3: SOL | K3: Home | L3: Away | M3: Division | N3: Conference | O3: GF | P3: GA | Q3: Diff | R3: Strk | S3: L10
A4: Montreal Canadiens | B4: 10 | C4: 7 | D4: 3 | E4: 0 | F4: 14 | G4: 4 | H4: 7 | I4: 0 | J4: 0 | K4: 3-1-0 | L4: 4-2-0 | M4: 2-1-0 | N4: 2-2-0 | O4: 36 | P4: 30 | Q4: 6 | R4: W1 | S4: 7-3-0
A5: Detroit Red Wings | B5: 9 | C5: 6 | D5: 3 | E5: 0 | F5: 12 | G5: 5 | H5: 6 | I5: 0 | J5: 0 | K5: 5-1-0 | L5: 1-2-0 | M5: 4-2-0 | N5: 4-3-0 | O5: 30 | P5: 29 | Q5: 1 | R5: W1 | S5: 6-3-0
A6: Florida Panthers | B6: 10 | C6: 5 | D6: 5 | E6: 0 | F6: 10 | G6: 5 | H6: 5 | I6: 0 | J6: 0 | K6: 4-1-0 | L6: 1-4-0 | M6: 2-2-0 | N6: 3-5-0 | O6: 25 | P6: 28 | Q6: -3 | R6: W1 | S6: 5-5-0
A7: Buffalo Sabres | B7: 9 | C7: 4 | D7: 4 | E7: 1 | F7: 9 | G7: 4 | H7: 4 | I7: 0 | J7: 0 | K7: 4-2-0 | L7: 0-2-1 | M7: 4-2-1 | N7: 4-3-1 | O7: 27 | P7: 27 | Q7: 0 | R7: L1 | S7: 4-4-1
A8: Ottawa Senators | B8: 9 | C8: 4 | D8: 4 | E8: 1 | F8: 9 | G8: 2 | H8: 3 | I8: 1 | J8: 0 | K8: 2-2-1 | L8: 2-2-0 | M8: 1-2-0 | N8: 3-3-0 | O8: 31 | P8: 35 | Q8: -4 | R8: W2 | S8: 4-4-1
A9: Toronto Maple Leafs | B9: 9 | C9: 4 | D9: 4 | E9: 1 | F9: 9 | G9: 2 | H9: 4 | I9: 0 | J9: 0 | K9: 4-2-1 | L9: 0-2-0 | M9: 2-3-0 | N9: 3-4-0 | O9: 31 | P9: 33 | Q9: -2 | R9: W1 | S9: 4-4-1
A10: Boston Bruins | B10: 10 | C10: 4 | D10: 6 | E10: 0 | F10: 8 | G10: 3 | H10: 4 | I10: 0 | J10: 0 | K10: 3-3-0 | L10: 1-3-0 | M10: 1-2-0 | N10: 2-2-0 | O10: 32 | P10: 35 | Q10: -3 | R10: W1 | S10: 4-6-0
A11: Tampa Bay Lightning | B11: 8 | C11: 2 | D11: 4 | E11: 2 | F11: 6 | G11: 2 | H11: 2 | I11: 0 | J11: 0 | K11: 1-3-0 | L11: 1-1-2 | M11: 1-1-1 | N11: 1-3-2 | O11: 22 | P11: 27 | Q11: -5 | R11: W1 | S11: 2-4-2
A12: Metropolitan
A13: Team | B13: GP | C13: W | D13: L | E13: OTL | F13: PTS | G13: RW | H13: ROW | I13: SOW | J13: SOL | K13: Home | L13: Away | M13: Division | N13: Conference | O13: GF | P13: GA | Q13: Diff | R13: Strk | S13: L10
A14: New Jersey Devils | B14: 8 | C14: 7 | D14: 1 | E14: 0 | F14: 14 | G14: 7 | H14: 7 | I14: 0 | J14: 0 | K14: 4-0-0 | L14: 3-1-0 | M14: 1-1-0 | N14: 4-1-0 | O14: 31 | P14: 19 | Q14: 12 | R14: W7 | S14: 7-1-0
A15: Pittsburgh Penguins | B15: 9 | C15: 6 | D15: 2 | E15: 1 | F15: 13 | G15: 6 | H15: 6 | I15: 0 | J15: 1 | K15: 2-1-1 | L15: 4-1-0 | M15: 2-1-1 | N15: 3-1-1 | O15: 32 | P15: 24 | Q15: 8 | R15: L1 | S15: 6-2-1
A16: Carolina Hurricanes | B16: 8 | C16: 6 | D16: 2 | E16: 0 | F16: 12 | G16: 2 | H16: 5 | I16: 1 | J16: 0 | K16: 2-0-0 | L16: 4-2-0 | M16: 2-0-0 | N16: 2-0-0 | O16: 31 | P16: 22 | Q16: 9 | R16: L1 | S16: 6-2-0
A17: Washington Capitals | B17: 9 | C17: 6 | D17: 3 | E17: 0 | F17: 12 | G17: 5 | H17: 6 | I17: 0 | J17: 0 | K17: 3-3-0 | L17: 3-0-0 | M17: 3-0-0 | N17: 4-2-0 | O17: 27 | P17: 21 | Q17: 6 | R17: L1 | S17: 6-3-0
A18: New York Islanders | B18: 8 | C18: 4 | D18: 3 | E18: 1 | F18: 9 | G18: 4 | H18: 4 | I18: 0 | J18: 1 | K18: 3-2-0 | L18: 1-1-1 | M18: 0-2-1 | N18: 2-2-1 | O18: 30 | P18: 28 | Q18: 2 | R18: L1 | S18: 4-3-1
A19: Philadelphia Flyers | B19: 8 | C19: 4 | D19: 3 | E19: 1 | F19: 9 | G19: 1 | H19: 3 | I19: 1 | J19: 0 | K19: 4-1-0 | L19: 0-2-1 | M19: 1-0-1 | N19: 2-2-1 | O19: 23 | P19: 21 | Q19: 2 | R19: W1 | S19: 4-3-1
A20: Columbus Blue Jackets | B20: 8 | C20: 4 | D20: 4 | E20: 0 | F20: 8 | G20: 2 | H20: 3 | I20: 1 | J20: 0 | K20: 1-3-0 | L20: 3-1-0 | M20: 1-2-0 | N20: 2-2-0 | O20: 25 | P20: 25 | Q20: 0 | R20: W1 | S20: 4-4-0
A21: New York Rangers | B21: 9 | C21: 3 | D21: 4 | E21: 2 | F21: 8 | G21: 3 | H21: 3 | I21: 0 | J21: 0 | K21: 0-4-1 | L21: 3-0-1 | M21: 1-2-0 | N21: 3-2-1 | O21: 21 | P21: 21 | Q21: 0 | R21: L2 | S21: 3-4-2
A22: Western_Conference
A23: Central
A24: Team | B24: GP | C24: W | D24: L | E24: OTL | F24: PTS | G24: RW | H24: ROW | I24: SOW | J24: SOL | K24: Home | L24: Away | M24: Division | N24: Conference | O24: GF | P24: GA | Q24: Diff | R24: Strk | S24: L10
A25: Utah Mammoth | B25: 9 | C25: 7 | D25: 2 | E25: 0 | F25: 14 | G25: 5 | H25: 7 | I25: 0 | J25: 0 | K25: 4-0-0 | L25: 3-2-0 | M25: 4-2-0 | N25: 6-2-0 | O25: 34 | P25: 22 | Q25: 12 | R25: W6 | S25: 7-2-0
A26: Colorado Avalanche | B26: 9 | C26: 5 | D26: 1 | E26: 3 | F26: 13 | G26: 5 | H26: 5 | I26: 0 | J26: 2 | K26: 2-0-2 | L26: 3-1-1 | M26: 1-0-2 | N26: 2-0-2 | O26: 30 | P26: 22 | Q26: 8 | R26: L3 | S26: 5-1-3
A27: Winnipeg Jets | B27: 8 | C27: 6 | D27: 2 | E27: 0 | F27: 12 | G27: 6 | H27: 6 | I27: 0 | J27: 0 | K27: 3-2-0 | L27: 3-0-0 | M27: 1-1-0 | N27: 4-2-0 | O27: 28 | P27: 19 | Q27: 9 | R27: W1 | S27: 6-2-0
A28: Chicago Blackhawks | B28: 8 | C28: 4 | D28: 2 | E28: 2 | F28: 10 | G28: 3 | H28: 4 | I28: 0 | J28: 1 | K28: 2-1-1 | L28: 2-1-1 | M28: 2-0-0 | N28: 3-0-1 | O28: 25 | P28: 20 | Q28: 5 | R28: W2 | S28: 4-2-2
A29: Nashville Predators | B29: 9 | C29: 4 | D29: 3 | E29: 2 | F29: 10 | G29: 2 | H29: 3 | I29: 1 | J29: 0 | K29: 3-1-1 | L29: 1-2-1 | M29: 0-1-1 | N29: 2-2-1 | O29: 24 | P29: 29 | Q29: -5 | R29: W2 | S29: 4-3-2
A30: Dallas Stars | B30: 8 | C30: 4 | D30: 3 | E30: 1 | F30: 9 | G30: 2 | H30: 3 | I30: 1 | J30: 0 | K30: 2-2-1 | L30: 2-1-0 | M30: 3-1-0 | N30: 3-2-1 | O30: 25 | P30: 28 | Q30: -3 | R30: W1 | S30: 4-3-1
A31: Minnesota Wild | B31: 9 | C31: 3 | D31: 5 | E31: 1 | F31: 7 | G31: 1 | H31: 2 | I31: 1 | J31: 0 | K31: 1-2-0 | L31: 2-3-1 | M31: 1-2-0 | N31: 2-2-0 | O31: 23 | P31: 33 | Q31: -10 | R31: L2 | S31: 3-5-1
A32: St. Louis Blues | B32: 8 | C32: 3 | D32: 4 | E32: 1 | F32: 7 | G32: 3 | H32: 3 | I32: 0 | J32: 0 | K32: 1-3-1 | L32: 2-1-0 | M32: 1-3-0 | N32: 3-3-1 | O32: 24 | P32: 33 | Q32: -9 | R32: L3 | S32: 3-4-1
A33: Pacific
A34: Team | B34: GP | C34: W | D34: L | E34: OTL | F34: PTS | G34: RW | H34: ROW | I34: SOW | J34: SOL | K34: Home | L34: Away | M34: Division | N34: Conference | O34: GF | P34: GA | Q34: Diff | R34: Strk | S34: L10
A35: Seattle Kraken | B35: 9 | C35: 5 | D35: 2 | E35: 2 | F35: 12 | G35: 3 | H35: 5 | I35: 0 | J35: 1 | K35: 3-0-0 | L35: 2-2-2 | M35: 3-0-0 | N35: 4-0-0 | O35: 25 | P35: 25 | Q35: 0 | R35: W2 | S35: 5-2-2
A36: Vegas Golden Knights | B36: 8 | C36: 5 | D36: 1 | E36: 2 | F36: 12 | G36: 4 | H36: 5 | I36: 0 | J36: 1 | K36: 3-0-1 | L36: 2-1-1 | M36: 3-0-2 | N36: 3-0-2 | O36: 30 | P36: 23 | Q36: 7 | R36: L1 | S36: 5-1-2
A37: Anaheim Ducks | B37: 8 | C37: 4 | D37: 3 | E37: 1 | F37: 9 | G37: 3 | H37: 4 | I37: 0 | J37: 0 | K37: 1-1-0 | L37: 3-2-1 | M37: 1-1-0 | N37: 2-1-1 | O37: 29 | P37: 29 | Q37: 0 | R37: L1 | S37: 4-3-1
A38: Edmonton Oilers | B38: 9 | C38: 4 | D38: 4 | E38: 1 | F38: 9 | G38: 3 | H38: 4 | I38: 0 | J38: 1 | K38: 2-0-1 | L38: 2-4-0 | M38: 1-1-1 | N38: 1-1-1 | O38: 26 | P38: 28 | Q38: -2 | R38: L1 | S38: 4-4-1
A39: Los Angeles Kings | B39: 9 | C39: 3 | D39: 3 | E39: 3 | F39: 9 | G39: -1 | H39: 2 | I39: 1 | J39: 2 | K39: 0-2-1 | L39: 3-1-2 | M39: 1-0-0 | N39: 3-2-2 | O39: 26 | P39: 32 | Q39: -6 | R39: L1 | S39: 3-3-3
A40: Vancouver Canucks | B40: 9 | C40: 4 | D40: 5 | E40: 0 | F40: 8 | G40: 2 | H40: 3 | I40: 1 | J40: 0 | K40: 1-2-0 | L40: 3-3-0 | M40: 1-1-0 | N40: 3-3-0 | O40: 25 | P40: 28 | Q40: -3 | R40: L3 | S40: 4-5-0
A41: San Jose Sharks | B41: 8 | C41: 1 | D41: 5 | E41: 2 | F41: 4 | G41: 0 | H41: 1 | I41: 0 | J41: 0 | K41: 0-2-2 | L41: 1-3-0 | M41: 0-0-2 | N41: 0-1-2 | O41: 23 | P41: 37 | Q41: -14 | R41: L1 | S41: 1-5-2
A42: Calgary Flames | B42: 9 | C42: 1 | D42: 7 | E42: 1 | F42: 3 | G42: -1 | H42: 0 | I42: 1 | J42: 0 | K42: 0-3-1 | L42: 1-4-0 | M42: 1-3-0 | N42: 1-7-0 | O42: 16 | P42: 34 | Q42: -18 | R42: L8 | S42: 1-7-1
A44: RW | B44: Regulation Wins
A45: ROW | B45: Regulation + OT Wins
A46: SOW | B46: Shoot Out Wins
A47: SOL | B47: Shoot Out Losses

Sheet Standings (10_26_25)
A1: Eastern Conference | T1: HOME
A2: Atlantic
A3: Team | B3: GP | C3: W | D3: L | E3: OTL | F3: PTS | G3: RW | H3: ROW | I3: SOW | J3: SOL | K3: Home | L3: Away | M3: Division | N3: Conference | O3: GF | P3: GA | Q3: Diff | R3: Strk | S3: L10
A4: Montreal Canadiens | B4: 10 | C4: 7 | D4: 3 | E4: 0 | F4: 14 | G4: 4 | H4: 7 | I4: 0 | J4: 0 | K4: 3-1-0 | L4: 4-2-0 | M4: 2-1-0 | N4: 2-2-0 | O4: 36 | P4: 30 | Q4: 6 | R4: W1 | S4: 7-3-0
A5: Detroit Red Wings | B5: 9 | C5: 6 | D5: 3 | E5: 0 | F5: 12 | G5: 5 | H5: 6 | I5: 0 | J5: 0 | K5: 5-1-0 | L5: 1-2-0 | M5: 4-2-0 | N5: 4-3-0 | O5: 30 | P5: 29 | Q5: 1 | R5: W1 | S5: 6-3-0
A6: Florida Panthers | B6: 10 | C6: 5 | D6: 5 | E6: 0 | F6: 10 | G6: 5 | H6: 5 | I6: 0 | J6: 0 | K6: 4-1-0 | L6: 1-4-0 | M6: 2-2-0 | N6: 3-5-0 | O6: 25 | P6: 28 | Q6: -3 | R6: W1 | S6: 5-5-0
A7: Buffalo Sabres | B7: 9 | C7: 4 | D7: 4 | E7: 1 | F7: 9 | G7: 4 | H7: 4 | I7: 0 | J7: 0 | K7: 4-2-0 | L7: 0-2-1 | M7: 4-2-1 | N7: 4-3-1 | O7: 27 | P7: 27 | Q7: 0 | R7: L1 | S7: 4-4-1
A8: Ottawa Senators | B8: 9 | C8: 4 | D8: 4 | E8: 1 | F8: 9 | G8: 2 | H8: 3 | I8: 1 | J8: 0 | K8: 2-2-1 | L8: 2-2-0 | M8: 1-2-0 | N8: 3-3-0 | O8: 31 | P8: 35 | Q8: -4 | R8: W2 | S8: 4-4-1
A9: Toronto Maple Leafs | B9: 9 | C9: 4 | D9: 4 | E9: 1 | F9: 9 | G9: 2 | H9: 4 | I9: 0 | J9: 0 | K9: 4-2-1 | L9: 0-2-0 | M9: 2-3-0 | N9: 3-4-0 | O9: 31 | P9: 33 | Q9: -2 | R9: W1 | S9: 4-4-1
A10: Boston Bruins | B10: 10 | C10: 4 | D10: 6 | E10: 0 | F10: 8 | G10: 3 | H10: 4 | I10: 0 | J10: 0 | K10: 3-3-0 | L10: 1-3-0 | M10: 1-2-0 | N10: 2-2-0 | O10: 32 | P10: 35 | Q10: -3 | R10: W1 | S10: 4-6-0
A11: Tampa Bay Lightning | B11: 9 | C11: 3 | D11: 4 | E11: 2 | F11: 8 | G11: 2 | H11: 3 | I11: 0 | J11: 0 | K11: 2-3-0 | L11: 1-1-2 | M11: 1-1-1 | N11: 1-3-2 | O11: 24 | P11: 28 | Q11: -4 | R11: W2 | S11: 3-4-2
A12: Metropolitan
A13: Team | B13: GP | C13: W | D13: L | E13: OTL | F13: PTS | G13: RW | H13: ROW | I13: SOW | J13: SOL | K13: Home | L13: Away | M13: Division | N13: Conference | O13: GF | P13: GA | Q13: Diff | R13: Strk | S13: L10
A14: New Jersey Devils | B14: 9 | C14: 8 | D14: 1 | E14: 0 | F14: 16 | G14: 7 | H14: 8 | I14: 0 | J14: 0 | K14: 5-0-0 | L14: 3-1-0 | M14: 1-1-0 | N14: 4-1-0 | O14: 35 | P14: 22 | Q14: 13 | R14: W8 | S14: 8-1-0
A15: Pittsburgh Penguins | B15: 9 | C15: 6 | D15: 2 | E15: 1 | F15: 13 | G15: 6 | H15: 6 | I15: 0 | J15: 1 | K15: 2-1-1 | L15: 4-1-0 | M15: 2-1-1 | N15: 3-1-1 | O15: 32 | P15: 24 | Q15: 8 | R15: L1 | S15: 6-2-1
A16: Carolina Hurricanes | B16: 8 | C16: 6 | D16: 2 | E16: 0 | F16: 12 | G16: 2 | H16: 5 | I16: 1 | J16: 0 | K16: 2-0-0 | L16: 4-2-0 | M16: 2-0-0 | N16: 2-0-0 | O16: 31 | P16: 22 | Q16: 9 | R16: L1 | S16: 6-2-0
A17: Washington Capitals | B17: 9 | C17: 6 | D17: 3 | E17: 0 | F17: 12 | G17: 5 | H17: 6 | I17: 0 | J17: 0 | K17: 3-3-0 | L17: 3-0-0 | M17: 3-0-0 | N17: 4-2-0 | O17: 27 | P17: 21 | Q17: 6 | R17: L1 | S17: 6-3-0
A18: New York Islanders | B18: 8 | C18: 4 | D18: 3 | E18: 1 | F18: 9 | G18: 4 | H18: 4 | I18: 0 | J18: 1 | K18: 3-2-0 | L18: 1-1-1 | M18: 0-2-1 | N18: 2-2-1 | O18: 30 | P18: 28 | Q18: 2 | R18: L1 | S18: 4-3-1
A19: Philadelphia Flyers | B19: 8 | C19: 4 | D19: 3 | E19: 1 | F19: 9 | G19: 1 | H19: 3 | I19: 1 | J19: 0 | K19: 4-1-0 | L19: 0-2-1 | M19: 1-0-1 | N19: 2-2-1 | O19: 23 | P19: 21 | Q19: 2 | R19: W1 | S19: 4-3-1
A20: Columbus Blue Jackets | B20: 8 | C20: 4 | D20: 4 | E20: 0 | F20: 8 | G20: 2 | H20: 3 | I20: 1 | J20: 0 | K20: 1-3-0 | L20: 3-1-0 | M20: 1-2-0 | N20: 2-2-0 | O20: 25 | P20: 25 | Q20: 0 | R20: W1 | S20: 4-4-0
A21: New York Rangers | B21: 10 | C21: 3 | D21: 5 | E21: 2 | F21: 8 | G21: 3 | H21: 3 | I21: 0 | J21: 0 | K21: 0-4-1 | L21: 3-1-1 | M21: 1-2-0 | N21: 3-2-1 | O21: 22 | P21: 26 | Q21: -4 | R21: L3 | S21: 3-5-2
A22: Western_Conference
A23: Central
A24: Team | B24: GP | C24: W | D24: L | E24: OTL | F24: PTS | G24: RW | H24: ROW | I24: SOW | J24: SOL | K24: Home | L24: Away | M24: Division | N24: Conference | O24: GF | P24: GA | Q24: Diff | R24: Strk | S24: L10
A25: Utah Mammoth | B25: 10 | C25: 8 | D25: 2 | E25: 0 | F25: 16 | G25: 6 | H25: 8 | I25: 0 | J25: 0 | K25: 4-0-0 | L25: 4-2-0 | M25: 5-2-0 | N25: 7-2-0 | O25: 37 | P25: 24 | Q25: 13 | R25: W7 | S25: 8-2-0
A26: Colorado Avalanche | B26: 10 | C26: 5 | D26: 1 | E26: 4 | F26: 14 | G26: 5 | H26: 5 | I26: 0 | J26: 2 | K26: 2-0-2 | L26: 3-1-2 | M26: 1-0-2 | N26: 2-0-2 | O26: 33 | P26: 26 | Q26: 7 | R26: L4 | S26: 5-1-4
A27: Winnipeg Jets | B27: 9 | C27: 6 | D27: 3 | E27: 0 | F27: 12 | G27: 6 | H27: 6 | I27: 0 | J27: 0 | K27: 3-3-0 | L27: 3-0-0 | M27: 1-1-0 | N27: 4-3-0 | O27: 30 | P27: 22 | Q27: 8 | R27: L1 | S27: 6-3-0
A28: Dallas Stars | B28: 9 | C28: 5 | D28: 3 | E28: 1 | F28: 11 | G28: 3 | H28: 4 | I28: 1 | J28: 0 | K28: 2-2-1 | L28: 3-1-0 | M28: 4-1-0 | N28: 4-2-1 | O28: 28 | P28: 30 | Q28: -2 | R28: W2 | S28: 5-3-1
A29: Chicago Blackhawks | B29: 9 | C29: 4 | D29: 3 | E29: 2 | F29: 10 | G29: 3 | H29: 4 | I29: 0 | J29: 1 | K29: 2-2-1 | L29: 2-1-1 | M29: 2-0-0 | N29: 3-1-1 | O29: 26 | P29: 23 | Q29: 3 | R29: L1 | S29: 4-3-2
A30: Nashville Predators | B30: 10 | C30: 4 | D30: 4 | E30: 2 | F30: 10 | G30: 2 | H30: 3 | I30: 1 | J30: 0 | K30: 3-2-1 | L30: 1-2-1 | M30: 0-2-1 | N30: 2-3-1 | O30: 26 | P30: 32 | Q30: -6 | R30: L1 | S30: 4-4-2
A31: Minnesota Wild | B31: 10 | C31: 3 | D31: 5 | E31: 2 | F31: 8 | G31: 1 | H31: 2 | I31: 1 | J31: 0 | K31: 1-2-1 | L31: 2-3-1 | M31: 1-2-0 | N31: 2-2-1 | O31: 28 | P31: 39 | Q31: -11 | R31: L3 | S31: 3-5-2
A32: St. Louis Blues | B32: 8 | C32: 3 | D32: 4 | E32: 1 | F32: 7 | G32: 3 | H32: 3 | I32: 0 | J32: 0 | K32: 1-3-1 | L32: 2-1-0 | M32: 1-3-0 | N32: 3-3-1 | O32: 24 | P32: 33 | Q32: -9 | R32: L3 | S32: 3-4-1
A33: Pacific
A34: Team | B34: GP | C34: W | D34: L | E34: OTL | F34: PTS | G34: RW | H34: ROW | I34: SOW | J34: SOL | K34: Home | L34: Away | M34: Division | N34: Conference | O34: GF | P34: GA | Q34: Diff | R34: Strk | S34: L10
A35: Vegas Golden Knights | B35: 9 | C35: 5 | D35: 1 | E35: 3 | F35: 13 | G35: 4 | H35: 5 | I35: 0 | J35: 1 | K35: 3-0-1 | L35: 2-1-2 | M35: 3-0-2 | N35: 3-0-2 | O35: 31 | P35: 25 | Q35: 6 | R35: L2 | S35: 5-1-3
A36: Seattle Kraken | B36: 9 | C36: 5 | D36: 2 | E36: 2 | F36: 12 | G36: 3 | H36: 5 | I36: 0 | J36: 1 | K36: 3-0-0 | L36: 2-2-2 | M36: 3-0-0 | N36: 4-0-0 | O36: 25 | P36: 25 | Q36: 0 | R36: W2 | S36: 5-2-2
A37: Los Angeles Kings | B37: 10 | C37: 4 | D37: 3 | E37: 3 | F37: 11 | G37: 0 | H37: 3 | I37: 1 | J37: 2 | K37: 0-2-1 | L37: 4-1-2 | M37: 1-0-0 | N37: 4-2-2 | O37: 29 | P37: 33 | Q37: -4 | R37: W1 | S37: 4-3-3
A38: Edmonton Oilers | B38: 10 | C38: 4 | D38: 4 | E38: 2 | F38: 10 | G38: 3 | H38: 4 | I38: 0 | J38: 1 | K38: 2-0-1 | L38: 2-4-1 | M38: 1-1-2 | N38: 1-1-2 | O38: 29 | P38: 32 | Q38: -3 | R38: L2 | S38: 4-4-2
A39: Vancouver Canucks | B39: 10 | C39: 5 | D39: 5 | E39: 0 | F39: 10 | G39: 2 | H39: 4 | I39: 1 | J39: 0 | K39: 2-2-0 | L39: 3-3-0 | M39: 2-1-0 | N39: 4-3-0 | O39: 29 | P39: 31 | Q39: -2 | R39: W1 | S39: 5-5-0
A40: Anaheim Ducks | B40: 8 | C40: 4 | D40: 3 | E40: 1 | F40: 9 | G40: 3 | H40: 4 | I40: 0 | J40: 0 | K40: 1-1-0 | L40: 3-2-1 | M40: 1-1-0 | N40: 2-1-1 | O40: 29 | P40: 29 | Q40: 0 | R40: L1 | S40: 4-3-1
A41: San Jose Sharks | B41: 9 | C41: 2 | D41: 5 | E41: 2 | F41: 6 | G41: 0 | H41: 2 | I41: 0 | J41: 0 | K41: 0-2-2 | L41: 2-3-0 | M41: 0-0-2 | N41: 1-1-2 | O41: 29 | P41: 42 | Q41: -13 | R41: W1 | S41: 2-5-2
A42: Calgary Flames | B42: 10 | C42: 2 | D42: 7 | E42: 1 | F42: 5 | G42: 0 | H42: 1 | I42: 1 | J42: 0 | K42: 1-3-1 | L42: 1-4-0 | M42: 1-3-0 | N42: 1-7-0 | O42: 21 | P42: 35 | Q42: -14 | R42: W1 | S42: 2-7-1
A44: RW | B44: Regulation Wins
A45: ROW | B45: Regulation + OT Wins
A46: SOW | B46: Shoot Out Wins
A47: SOL | B47: Shoot Out Losses

Sheet Standings (10_27_25)
A1: Eastern Conference | T1: HOME
A2: Atlantic
A3: Team | B3: GP | C3: W | D3: L | E3: OTL | F3: PTS | G3: RW | H3: ROW | I3: SOW | J3: SOL | K3: Home | L3: Away | M3: Division | N3: Conference | O3: GF | P3: GA | Q3: Diff | R3: Strk | S3: L10
A4: Montreal Canadiens | B4: 10 | C4: 7 | D4: 3 | E4: 0 | F4: 14 | G4: 4 | H4: 7 | I4: 0 | J4: 0 | K4: 3-1-0 | L4: 4-2-0 | M4: 2-1-0 | N4: 2-2-0 | O4: 36 | P4: 30 | Q4: 6 | R4: W1 | S4: 7-3-0
A5: Detroit Red Wings | B5: 9 | C5: 6 | D5: 3 | E5: 0 | F5: 12 | G5: 5 | H5: 6 | I5: 0 | J5: 0 | K5: 5-1-0 | L5: 1-2-0 | M5: 4-2-0 | N5: 4-3-0 | O5: 30 | P5: 29 | Q5: 1 | R5: W1 | S5: 6-3-0
A6: Ottawa Senators | B6: 10 | C6: 5 | D6: 4 | E6: 1 | F6: 11 | G6: 3 | H6: 4 | I6: 1 | J6: 0 | K6: 3-2-1 | L6: 2-2-0 | M6: 2-2-0 | N6: 4-3-0 | O6: 38 | P6: 37 | Q6: 1 | R6: W3 | S6: 5-4-1
A7: Florida Panthers | B7: 10 | C7: 5 | D7: 5 | E7: 0 | F7: 10 | G7: 5 | H7: 5 | I7: 0 | J7: 0 | K7: 4-1-0 | L7: 1-4-0 | M7: 2-2-0 | N7: 3-5-0 | O7: 25 | P7: 28 | Q7: -3 | R7: W1 | S7: 5-5-0
A8: Buffalo Sabres | B8: 9 | C8: 4 | D8: 4 | E8: 1 | F8: 9 | G8: 4 | H8: 4 | I8: 0 | J8: 0 | K8: 4-2-0 | L8: 0-2-1 | M8: 4-2-1 | N8: 4-3-1 | O8: 27 | P8: 27 | Q8: 0 | R8: L1 | S8: 4-4-1
A9: Toronto Maple Leafs | B9: 9 | C9: 4 | D9: 4 | E9: 1 | F9: 9 | G9: 2 | H9: 4 | I9: 0 | J9: 0 | K9: 4-2-1 | L9: 0-2-0 | M9: 2-3-0 | N9: 3-4-0 | O9: 31 | P9: 33 | Q9: -2 | R9: W1 | S9: 4-4-1
A10: Boston Bruins | B10: 11 | C10: 4 | D10: 7 | E10: 0 | F10: 8 | G10: 3 | H10: 4 | I10: 0 | J10: 0 | K10: 3-3-0 | L10: 1-4-0 | M10: 1-3-0 | N10: 2-3-0 | O10: 34 | P10: 42 | Q10: -8 | R10: L1 | S10: 3-7-0
A11: Tampa Bay Lightning | B11: 9 | C11: 3 | D11: 4 | E11: 2 | F11: 8 | G11: 2 | H11: 3 | I11: 0 | J11: 0 | K11: 2-3-0 | L11: 1-1-2 | M11: 1-1-1 | N11: 1-3-2 | O11: 24 | P11: 28 | Q11: -4 | R11: W2 | S11: 3-4-2
A12: Metropolitan
A13: Team | B13: GP | C13: W | D13: L | E13: OTL | F13: PTS | G13: RW | H13: ROW | I13: SOW | J13: SOL | K13: Home | L13: Away | M13: Division | N13: Conference | O13: GF | P13: GA | Q13: Diff | R13: Strk | S13: L10
A14: New Jersey Devils | B14: 9 | C14: 8 | D14: 1 | E14: 0 | F14: 16 | G14: 7 | H14: 8 | I14: 0 | J14: 0 | K14: 5-0-0 | L14: 3-1-0 | M14: 1-1-0 | N14: 4-1-0 | O14: 35 | P14: 22 | Q14: 13 | R14: W8 | S14: 8-1-0
A15: Pittsburgh Penguins | B15: 10 | C15: 7 | D15: 2 | E15: 1 | F15: 15 | G15: 7 | H15: 7 | I15: 0 | J15: 1 | K15: 3-1-1 | L15: 4-1-0 | M15: 2-1-1 | N15: 3-1-1 | O15: 38 | P15: 27 | Q15: 11 | R15: W1 | S15: 7-2-1
A16: Carolina Hurricanes | B16: 8 | C16: 6 | D16: 2 | E16: 0 | F16: 12 | G16: 2 | H16: 5 | I16: 1 | J16: 0 | K16: 2-0-0 | L16: 4-2-0 | M16: 2-0-0 | N16: 2-0-0 | O16: 31 | P16: 22 | Q16: 9 | R16: L1 | S16: 6-2-0
A17: Washington Capitals | B17: 9 | C17: 6 | D17: 3 | E17: 0 | F17: 12 | G17: 5 | H17: 6 | I17: 0 | J17: 0 | K17: 3-3-0 | L17: 3-0-0 | M17: 3-0-0 | N17: 4-2-0 | O17: 27 | P17: 21 | Q17: 6 | R17: L1 | S17: 6-3-0
A18: New York Islanders | B18: 8 | C18: 4 | D18: 3 | E18: 1 | F18: 9 | G18: 4 | H18: 4 | I18: 0 | J18: 1 | K18: 3-2-0 | L18: 1-1-1 | M18: 0-2-1 | N18: 2-2-1 | O18: 30 | P18: 28 | Q18: 2 | R18: L1 | S18: 4-3-1
A19: Philadelphia Flyers | B19: 8 | C19: 4 | D19: 3 | E19: 1 | F19: 9 | G19: 1 | H19: 3 | I19: 1 | J19: 0 | K19: 4-1-0 | L19: 0-2-1 | M19: 1-0-1 | N19: 2-2-1 | O19: 23 | P19: 21 | Q19: 2 | R19: W1 | S19: 4-3-1
A20: Columbus Blue Jackets | B20: 8 | C20: 4 | D20: 4 | E20: 0 | F20: 8 | G20: 2 | H20: 3 | I20: 1 | J20: 0 | K20: 1-3-0 | L20: 3-1-0 | M20: 1-2-0 | N20: 2-2-0 | O20: 25 | P20: 25 | Q20: 0 | R20: W1 | S20: 4-4-0
A21: New York Rangers | B21: 10 | C21: 3 | D21: 5 | E21: 2 | F21: 8 | G21: 3 | H21: 3 | I21: 0 | J21: 0 | K21: 0-4-1 | L21: 3-1-1 | M21: 1-2-0 | N21: 3-2-1 | O21: 22 | P21: 26 | Q21: -4 | R21: L3 | S21: 3-5-2
A22: Western_Conference
A23: Central
A24: Team | B24: GP | C24: W | D24: L | E24: OTL | F24: PTS | G24: RW | H24: ROW | I24: SOW | J24: SOL | K24: Home | L24: Away | M24: Division | N24: Conference | O24: GF | P24: GA | Q24: Diff | R24: Strk | S24: L10
A25: Utah Mammoth | B25: 10 | C25: 8 | D25: 2 | E25: 0 | F25: 16 | G25: 6 | H25: 8 | I25: 0 | J25: 0 | K25: 4-0-0 | L25: 4-2-0 | M25: 5-2-0 | N25: 7-2-0 | O25: 37 | P25: 24 | Q25: 13 | R25: W7 | S25: 8-2-0
A26: Colorado Avalanche | B26: 10 | C26: 5 | D26: 1 | E26: 4 | F26: 14 | G26: 5 | H26: 5 | I26: 0 | J26: 2 | K26: 2-0-2 | L26: 3-1-2 | M26: 1-0-2 | N26: 2-0-2 | O26: 33 | P26: 26 | Q26: 7 | R26: L4 | S26: 5-1-4
A27: Winnipeg Jets | B27: 9 | C27: 6 | D27: 3 | E27: 0 | F27: 12 | G27: 6 | H27: 6 | I27: 0 | J27: 0 | K27: 3-3-0 | L27: 3-0-0 | M27: 1-1-0 | N27: 4-3-0 | O27: 30 | P27: 22 | Q27: 8 | R27: L1 | S27: 6-3-0
A28: Dallas Stars | B28: 9 | C28: 5 | D28: 3 | E28: 1 | F28: 11 | G28: 3 | H28: 4 | I28: 1 | J28: 0 | K28: 2-2-1 | L28: 3-1-0 | M28: 4-1-0 | N28: 4-2-1 | O28: 28 | P28: 30 | Q28: -2 | R28: W2 | S28: 5-3-1
A29: Chicago Blackhawks | B29: 9 | C29: 4 | D29: 3 | E29: 2 | F29: 10 | G29: 3 | H29: 4 | I29: 0 | J29: 1 | K29: 2-2-1 | L29: 2-1-1 | M29: 2-0-0 | N29: 3-1-1 | O29: 26 | P29: 23 | Q29: 3 | R29: L1 | S29: 4-3-2
A30: Nashville Predators | B30: 10 | C30: 4 | D30: 4 | E30: 2 | F30: 10 | G30: 2 | H30: 3 | I30: 1 | J30: 0 | K30: 3-2-1 | L30: 1-2-1 | M30: 0-2-1 | N30: 2-3-1 | O30: 26 | P30: 32 | Q30: -6 | R30: L1 | S30: 4-4-2
A31: Minnesota Wild | B31: 10 | C31: 3 | D31: 5 | E31: 2 | F31: 8 | G31: 1 | H31: 2 | I31: 1 | J31: 0 | K31: 1-2-1 | L31: 2-3-1 | M31: 1-2-0 | N31: 2-2-1 | O31: 28 | P31: 39 | Q31: -11 | R31: L3 | S31: 3-5-2
A32: St. Louis Blues | B32: 9 | C32: 3 | D32: 5 | E32: 1 | F32: 7 | G32: 3 | H32: 3 | I32: 0 | J32: 0 | K32: 1-3-1 | L32: 2-2-0 | M32: 1-3-0 | N32: 3-3-1 | O32: 27 | P32: 39 | Q32: -12 | R32: L4 | S32: 3-5-1
A33: Pacific
A34: Team | B34: GP | C34: W | D34: L | E34: OTL | F34: PTS | G34: RW | H34: ROW | I34: SOW | J34: SOL | K34: Home | L34: Away | M34: Division | N34: Conference | O34: GF | P34: GA | Q34: Diff | R34: Strk | S34: L10
A35: Vegas Golden Knights | B35: 9 | C35: 5 | D35: 1 | E35: 3 | F35: 13 | G35: 4 | H35: 5 | I35: 0 | J35: 1 | K35: 3-0-1 | L35: 2-1-2 | M35: 3-0-2 | N35: 3-0-2 | O35: 31 | P35: 25 | Q35: 6 | R35: L2 | S35: 5-1-3
A36: Seattle Kraken | B36: 9 | C36: 5 | D36: 2 | E36: 2 | F36: 12 | G36: 3 | H36: 5 | I36: 0 | J36: 1 | K36: 3-0-0 | L36: 2-2-2 | M36: 3-0-0 | N36: 4-0-0 | O36: 25 | P36: 25 | Q36: 0 | R36: W2 | S36: 5-2-2
A37: Los Angeles Kings | B37: 10 | C37: 4 | D37: 3 | E37: 3 | F37: 11 | G37: 0 | H37: 3 | I37: 1 | J37: 2 | K37: 0-2-1 | L37: 4-1-2 | M37: 1-0-0 | N37: 4-2-2 | O37: 29 | P37: 33 | Q37: -4 | R37: W1 | S37: 4-3-3
A38: Edmonton Oilers | B38: 10 | C38: 4 | D38: 4 | E38: 2 | F38: 10 | G38: 3 | H38: 4 | I38: 0 | J38: 1 | K38: 2-0-1 | L38: 2-4-1 | M38: 1-1-2 | N38: 1-1-2 | O38: 29 | P38: 32 | Q38: -3 | R38: L2 | S38: 4-4-2
A39: Vancouver Canucks | B39: 10 | C39: 5 | D39: 5 | E39: 0 | F39: 10 | G39: 2 | H39: 4 | I39: 1 | J39: 0 | K39: 2-2-0 | L39: 3-3-0 | M39: 2-1-0 | N39: 4-3-0 | O39: 29 | P39: 31 | Q39: -2 | R39: W1 | S39: 5-5-0
A40: Anaheim Ducks | B40: 8 | C40: 4 | D40: 3 | E40: 1 | F40: 9 | G40: 3 | H40: 4 | I40: 0 | J40: 0 | K40: 1-1-0 | L40: 3-2-1 | M40: 1-1-0 | N40: 2-1-1 | O40: 29 | P40: 29 | Q40: 0 | R40: L1 | S40: 4-3-1
A41: San Jose Sharks | B41: 9 | C41: 2 | D41: 5 | E41: 2 | F41: 6 | G41: 0 | H41: 2 | I41: 0 | J41: 0 | K41: 0-2-2 | L41: 2-3-0 | M41: 0-0-2 | N41: 1-1-2 | O41: 29 | P41: 42 | Q41: -13 | R41: W1 | S41: 2-5-2
A42: Calgary Flames | B42: 10 | C42: 2 | D42: 7 | E42: 1 | F42: 5 | G42: 0 | H42: 1 | I42: 1 | J42: 0 | K42: 1-3-1 | L42: 1-4-0 | M42: 1-3-0 | N42: 1-7-0 | O42: 21 | P42: 35 | Q42: -14 | R42: W1 | S42: 2-7-1
A44: RW | B44: Regulation Wins
A45: ROW | B45: Regulation + OT Wins
A46: SOW | B46: Shoot Out Wins
A47: SOL | B47: Shoot Out Losses

Sheet Standings (10_28_25)
A1: Eastern Conference | T1: HOME
A2: Atlantic
A3: Team | B3: GP | C3: W | D3: L | E3: OTL | F3: PTS | G3: RW | H3: ROW | I3: SOW | J3: SOL | K3: Home | L3: Away | M3: Division | N3: Conference | O3: GF | P3: GA | Q3: Diff | R3: Strk | S3: L10
A4: Montreal Canadiens | B4: 11 | C4: 8 | D4: 3 | E4: 0 | F4: 16 | G4: 4 | H4: 8 | I4: 0 | J4: 0 | K4: 3-1-0 | L4: 5-2-0 | M4: 2-1-0 | N4: 2-2-0 | O4: 40 | P4: 33 | Q4: 7 | R4: W2 | S4: 8-2-0
A5: Detroit Red Wings | B5: 10 | C5: 7 | D5: 3 | E5: 0 | F5: 14 | G5: 6 | H5: 7 | I5: 0 | J5: 0 | K5: 5-1-0 | L5: 2-2-0 | M5: 4-2-0 | N5: 4-3-0 | O5: 35 | P5: 31 | Q5: 4 | R5: W2 | S5: 7-3-0
A6: Florida Panthers | B6: 11 | C6: 5 | D6: 5 | E6: 1 | F6: 11 | G6: 5 | H6: 5 | I6: 0 | J6: 1 | K6: 4-1-1 | L6: 1-4-0 | M6: 2-2-0 | N6: 3-5-0 | O6: 27 | P6: 31 | Q6: -4 | R6: L1 | S6: 4-5-1
A7: Ottawa Senators | B7: 11 | C7: 5 | D7: 5 | E7: 1 | F7: 11 | G7: 3 | H7: 4 | I7: 1 | J7: 0 | K7: 3-2-1 | L7: 2-3-0 | M7: 2-2-0 | N7: 4-3-0 | O7: 41 | P7: 44 | Q7: -3 | R7: L1 | S7: 4-5-1
A8: Toronto Maple Leafs | B8: 10 | C8: 5 | D8: 4 | E8: 1 | F8: 11 | G8: 3 | H8: 5 | I8: 0 | J8: 0 | K8: 5-2-1 | L8: 0-2-0 | M8: 2-3-0 | N8: 3-4-0 | O8: 35 | P8: 36 | Q8: -1 | R8: W2 | S8: 5-4-1
A9: Boston Bruins | B9: 12 | C9: 5 | D9: 7 | E9: 0 | F9: 10 | G9: 4 | H9: 5 | I9: 0 | J9: 0 | K9: 4-3-0 | L9: 1-4-0 | M9: 1-3-0 | N9: 3-3-0 | O9: 39 | P9: 44 | Q9: -5 | R9: W1 | S9: 3-7-0
A10: Buffalo Sabres | B10: 10 | C10: 4 | D10: 4 | E10: 2 | F10: 10 | G10: 4 | H10: 4 | I10: 0 | J10: 0 | K10: 4-2-1 | L10: 0-2-1 | M10: 4-2-1 | N10: 4-3-2 | O10: 30 | P10: 31 | Q10: -1 | R10: L2 | S10: 4-4-2
A11: Tampa Bay Lightning | B11: 10 | C11: 4 | D11: 4 | E11: 2 | F11: 10 | G11: 3 | H11: 4 | I11: 0 | J11: 0 | K11: 2-3-0 | L11: 2-1-2 | M11: 1-1-1 | N11: 1-3-2 | O11: 29 | P11: 30 | Q11: -1 | R11: W3 | S11: 4-4-2
A12: Metropolitan
A13: Team | B13: GP | C13: W | D13: L | E13: OTL | F13: PTS | G13: RW | H13: ROW | I13: SOW | J13: SOL | K13: Home | L13: Away | M13: Division | N13: Conference | O13: GF | P13: GA | Q13: Diff | R13: Strk | S13: L10
A14: New Jersey Devils | B14: 10 | C14: 8 | D14: 2 | E14: 0 | F14: 16 | G14: 7 | H14: 8 | I14: 0 | J14: 0 | K14: 5-0-0 | L14: 3-2-0 | M14: 1-1-0 | N14: 4-1-0 | O14: 39 | P14: 30 | Q14: 9 | R14: L1 | S14: 8-2-0
A15: Pittsburgh Penguins | B15: 11 | C15: 7 | D15: 2 | E15: 2 | F15: 16 | G15: 7 | H15: 7 | I15: 0 | J15: 2 | K15: 3-1-1 | L15: 4-1-1 | M15: 2-1-2 | N15: 3-1-2 | O15: 40 | P15: 30 | Q15: 10 | R15: L1 | S15: 6-2-2
A16: Carolina Hurricanes | B16: 9 | C16: 6 | D16: 3 | E16: 0 | F16: 12 | G16: 2 | H16: 5 | I16: 1 | J16: 0 | K16: 2-1-0 | L16: 4-2-0 | M16: 2-0-0 | N16: 2-0-0 | O16: 34 | P16: 28 | Q16: 6 | R16: L2 | S16: 6-3-0
A17: Washington Capitals | B17: 10 | C17: 6 | D17: 4 | E17: 0 | F17: 12 | G17: 5 | H17: 6 | I17: 0 | J17: 0 | K17: 3-3-0 | L17: 3-1-0 | M17: 3-0-0 | N17: 4-2-0 | O17: 27 | P17: 22 | Q17: 5 | R17: L2 | S17: 6-4-0
A18: Philadelphia Flyers | B18: 9 | C18: 5 | D18: 3 | E18: 1 | F18: 11 | G18: 0 | H18: 3 | I18: 2 | J18: 0 | K18: 5-1-0 | L18: 0-2-1 | M18: 2-0-1 | N18: 3-2-1 | O18: 26 | P18: 23 | Q18: 3 | R18: W2 | S18: 5-3-1
A19: Columbus Blue Jackets | B19: 9 | C19: 5 | D19: 4 | E19: 0 | F19: 10 | G19: 2 | H19: 4 | I19: 1 | J19: 0 | K19: 1-3-0 | L19: 4-1-0 | M19: 1-2-0 | N19: 3-2-0 | O19: 29 | P19: 28 | Q19: 1 | R19: W2 | S19: 5-4-0
A20: New York Rangers | B20: 11 | C20: 4 | D20: 5 | E20: 2 | F20: 10 | G20: 4 | H20: 4 | I20: 0 | J20: 0 | K20: 0-4-1 | L20: 4-1-1 | M20: 1-2-0 | N20: 3-2-1 | O20: 24 | P20: 26 | Q20: -2 | R20: W1 | S20: 4-4-2
A21: New York Islanders | B21: 9 | C21: 4 | D21: 4 | E21: 1 | F21: 9 | G21: 4 | H21: 4 | I21: 0 | J21: 1 | K21: 3-2-0 | L21: 1-2-1 | M21: 0-2-1 | N21: 2-3-1 | O21: 32 | P21: 33 | Q21: -1 | R21: L2 | S21: 4-4-1
A22: Western_Conference
A23: Central
A24: Team | B24: GP | C24: W | D24: L | E24: OTL | F24: PTS | G24: RW | H24: ROW | I24: SOW | J24: SOL | K24: Home | L24: Away | M24: Division | N24: Conference | O24: GF | P24: GA | Q24: Diff | R24: Strk | S24: L10
A25: Colorado Avalanche | B25: 11 | C25: 6 | D25: 1 | E25: 4 | F25: 16 | G25: 6 | H25: 6 | I25: 0 | J25: 2 | K25: 3-0-2 | L25: 3-1-2 | M25: 1-0-2 | N25: 2-0-2 | O25: 41 | P25: 30 | Q25: 11 | R25: W1 | S25: 5-1-4
A26: Utah Mammoth | B26: 11 | C26: 8 | D26: 3 | E26: 0 | F26: 16 | G26: 6 | H26: 8 | I26: 0 | J26: 0 | K26: 4-0-0 | L26: 4-3-0 | M26: 5-2-0 | N26: 7-3-0 | O26: 40 | P26: 30 | Q26: 10 | R26: L1 | S26: 8-2-0
A27: Winnipeg Jets | B27: 10 | C27: 7 | D27: 3 | E27: 0 | F27: 14 | G27: 6 | H27: 7 | I27: 0 | J27: 0 | K27: 3-3-0 | L27: 4-0-0 | M27: 1-1-0 | N27: 5-3-0 | O27: 34 | P27: 25 | Q27: 9 | R27: W1 | S27: 7-3-0
A28: Dallas Stars | B28: 10 | C28: 6 | D28: 3 | E28: 1 | F28: 13 | G28: 4 | H28: 5 | I28: 1 | J28: 0 | K28: 3-2-1 | L28: 3-1-0 | M28: 4-1-0 | N28: 4-2-1 | O28: 29 | P28: 30 | Q28: -1 | R28: W3 | S28: 6-3-1
A29: Chicago Blackhawks | B29: 10 | C29: 5 | D29: 3 | E29: 2 | F29: 12 | G29: 4 | H29: 5 | I29: 0 | J29: 1 | K29: 3-2-1 | L29: 2-1-1 | M29: 2-0-0 | N29: 3-1-1 | O29: 33 | P29: 26 | Q29: 7 | R29: W1 | S29: 5-3-2
A30: Nashville Predators | B30: 11 | C30: 4 | D30: 5 | E30: 2 | F30: 10 | G30: 2 | H30: 3 | I30: 1 | J30: 0 | K30: 3-3-1 | L30: 1-2-1 | M30: 0-2-1 | N30: 2-3-1 | O30: 28 | P30: 37 | Q30: -9 | R30: L2 | S30: 3-5-2
A31: Minnesota Wild | B31: 11 | C31: 3 | D31: 5 | E31: 3 | F31: 9 | G31: 1 | H31: 2 | I31: 1 | J31: 0 | K31: 1-2-2 | L31: 2-3-1 | M31: 1-2-1 | N31: 2-2-2 | O31: 31 | P31: 43 | Q31: -12 | R31: L4 | S31: 2-5-3
A32: St. Louis Blues | B32: 10 | C32: 3 | D32: 6 | E32: 1 | F32: 7 | G32: 3 | H32: 3 | I32: 0 | J32: 0 | K32: 1-4-1 | L32: 2-2-0 | M32: 1-3-0 | N32: 3-3-1 | O32: 29 | P32: 44 | Q32: -15 | R32: L5 | S32: 3-6-1
A33: Pacific
A34: Team | B34: GP | C34: W | D34: L | E34: OTL | F34: PTS | G34: RW | H34: ROW | I34: SOW | J34: SOL | K34: Home | L34: Away | M34: Division | N34: Conference | O34: GF | P34: GA | Q34: Diff | R34: Strk | S34: L10
A35: Vegas Golden Knights | B35: 10 | C35: 6 | D35: 1 | E35: 3 | F35: 15 | G35: 5 | H35: 6 | I35: 0 | J35: 1 | K35: 3-0-1 | L35: 3-1-2 | M35: 3-0-2 | N35: 3-0-2 | O35: 37 | P35: 28 | Q35: 9 | R35: W1 | S35: 6-1-3
A36: Los Angeles Kings | B36: 11 | C36: 5 | D36: 3 | E36: 3 | F36: 13 | G36: 1 | H36: 4 | I36: 1 | J36: 2 | K36: 0-2-1 | L36: 5-1-2 | M36: 2-0-0 | N36: 5-2-2 | O36: 33 | P36: 36 | Q36: -3 | R36: W2 | S36: 5-2-3
A37: Seattle Kraken | B37: 10 | C37: 5 | D37: 2 | E37: 3 | F37: 13 | G37: 3 | H37: 5 | I37: 0 | J37: 1 | K37: 3-0-1 | L37: 2-2-2 | M37: 3-0-0 | N37: 4-0-0 | O37: 28 | P37: 29 | Q37: -1 | R37: L1 | S37: 5-2-3
A38: Edmonton Oilers | B38: 11 | C38: 5 | D38: 4 | E38: 2 | F38: 12 | G38: 4 | H38: 5 | I38: 0 | J38: 1 | K38: 3-0-1 | L38: 2-4-1 | M38: 1-1-2 | N38: 2-1-2 | O38: 35 | P38: 35 | Q38: 0 | R38: W1 | S38: 5-4-1
A39: Anaheim Ducks | B39: 9 | C39: 5 | D39: 3 | E39: 1 | F39: 11 | G39: 2 | H39: 4 | I39: 1 | J39: 0 | K39: 1-1-0 | L39: 4-2-1 | M39: 1-1-0 | N39: 2-1-1 | O39: 32 | P39: 31 | Q39: 1 | R39: W1 | S39: 5-3-1
A40: Vancouver Canucks | B40: 11 | C40: 5 | D40: 6 | E40: 0 | F40: 10 | G40: 2 | H40: 4 | I40: 1 | J40: 0 | K40: 2-3-0 | L40: 3-3-0 | M40: 2-1-0 | N40: 4-3-0 | O40: 29 | P40: 33 | Q40: -4 | R40: L1 | S40: 4-6-0
A41: San Jose Sharks | B41: 10 | C41: 2 | D41: 6 | E41: 2 | F41: 6 | G41: 0 | H41: 2 | I41: 0 | J41: 0 | K41: 0-3-2 | L41: 2-3-0 | M41: 0-1-2 | N41: 1-2-2 | O41: 32 | P41: 46 | Q41: -14 | R41: L1 | S41: 2-6-2
A42: Calgary Flames | B42: 11 | C42: 2 | D42: 8 | E42: 1 | F42: 5 | G42: 0 | H42: 1 | I42: 1 | J42: 0 | K42: 1-3-1 | L42: 1-5-0 | M42: 1-3-0 | N42: 1-7-0 | O42: 24 | P42: 39 | Q42: -15 | R42: L1 | S42: 1-8-1
A44: RW | B44: Regulation Wins
A45: ROW | B45: Regulation + OT Wins
A46: SOW | B46: Shoot Out Wins
A47: SOL | B47: Shoot Out Losses

Sheet Standings (10_29_25)
A1: Eastern Conference | T1: HOME
A2: Atlantic
A3: Team | B3: GP | C3: W | D3: L | E3: OTL | F3: PTS | G3: RW | H3: ROW | I3: SOW | J3: SOL | K3: Home | L3: Away | M3: Division | N3: Conference | O3: GF | P3: GA | Q3: Diff | R3: Strk | S3: L10
A4: Montreal Canadiens | B4: 11 | C4: 8 | D4: 3 | E4: 0 | F4: 16 | G4: 4 | H4: 8 | I4: 0 | J4: 0 | K4: 3-1-0 | L4: 5-2-0 | M4: 2-1-0 | N4: 2-2-0 | O4: 40 | P4: 33 | Q4: 7 | R4: W2 | S4: 8-2-0
A5: Detroit Red Wings | B5: 10 | C5: 7 | D5: 3 | E5: 0 | F5: 14 | G5: 6 | H5: 7 | I5: 0 | J5: 0 | K5: 5-1-0 | L5: 2-2-0 | M5: 4-2-0 | N5: 4-3-0 | O5: 35 | P5: 31 | Q5: 4 | R5: W2 | S5: 7-3-0
A6: Florida Panthers | B6: 11 | C6: 5 | D6: 5 | E6: 1 | F6: 11 | G6: 5 | H6: 5 | I6: 0 | J6: 1 | K6: 4-1-1 | L6: 1-4-0 | M6: 2-2-0 | N6: 3-5-0 | O6: 27 | P6: 31 | Q6: -4 | R6: L1 | S6: 4-5-1
A7: Ottawa Senators | B7: 11 | C7: 5 | D7: 5 | E7: 1 | F7: 11 | G7: 3 | H7: 4 | I7: 1 | J7: 0 | K7: 3-2-1 | L7: 2-3-0 | M7: 2-2-0 | N7: 4-3-0 | O7: 41 | P7: 44 | Q7: -3 | R7: L1 | S7: 4-5-1
A8: Toronto Maple Leafs | B8: 11 | C8: 5 | D8: 5 | E8: 1 | F8: 11 | G8: 3 | H8: 5 | I8: 0 | J8: 0 | K8: 5-2-1 | L8: 0-3-0 | M8: 2-3-0 | N8: 3-5-0 | O8: 38 | P8: 42 | Q8: -4 | R8: L1 | S8: 4-5-1
A9: Boston Bruins | B9: 12 | C9: 5 | D9: 7 | E9: 0 | F9: 10 | G9: 4 | H9: 5 | I9: 0 | J9: 0 | K9: 4-3-0 | L9: 1-4-0 | M9: 1-3-0 | N9: 3-3-0 | O9: 39 | P9: 44 | Q9: -5 | R9: W1 | S9: 3-7-0
A10: Buffalo Sabres | B10: 10 | C10: 4 | D10: 4 | E10: 2 | F10: 10 | G10: 4 | H10: 4 | I10: 0 | J10: 0 | K10: 4-2-1 | L10: 0-2-1 | M10: 4-2-1 | N10: 4-3-2 | O10: 30 | P10: 31 | Q10: -1 | R10: L2 | S10: 4-4-2
A11: Tampa Bay Lightning | B11: 10 | C11: 4 | D11: 4 | E11: 2 | F11: 10 | G11: 3 | H11: 4 | I11: 0 | J11: 0 | K11: 2-3-0 | L11: 2-1-2 | M11: 1-1-1 | N11: 1-3-2 | O11: 29 | P11: 30 | Q11: -1 | R11: W3 | S11: 4-4-2
A12: Metropolitan
A13: Team | B13: GP | C13: W | D13: L | E13: OTL | F13: PTS | G13: RW | H13: ROW | I13: SOW | J13: SOL | K13: Home | L13: Away | M13: Division | N13: Conference | O13: GF | P13: GA | Q13: Diff | R13: Strk | S13: L10
A14: New Jersey Devils | B14: 10 | C14: 8 | D14: 2 | E14: 0 | F14: 16 | G14: 7 | H14: 8 | I14: 0 | J14: 0 | K14: 5-0-0 | L14: 3-2-0 | M14: 1-1-0 | N14: 4-1-0 | O14: 39 | P14: 30 | Q14: 9 | R14: L1 | S14: 8-2-0
A15: Pittsburgh Penguins | B15: 11 | C15: 7 | D15: 2 | E15: 2 | F15: 16 | G15: 7 | H15: 7 | I15: 0 | J15: 2 | K15: 3-1-1 | L15: 4-1-1 | M15: 2-1-2 | N15: 3-1-2 | O15: 40 | P15: 30 | Q15: 10 | R15: L1 | S15: 6-2-2
A16: Carolina Hurricanes | B16: 9 | C16: 6 | D16: 3 | E16: 0 | F16: 12 | G16: 2 | H16: 5 | I16: 1 | J16: 0 | K16: 2-1-0 | L16: 4-2-0 | M16: 2-0-0 | N16: 2-0-0 | O16: 34 | P16: 28 | Q16: 6 | R16: L2 | S16: 6-3-0
A17: Columbus Blue Jackets | B17: 10 | C17: 6 | D17: 4 | E17: 0 | F17: 12 | G17: 3 | H17: 5 | I17: 1 | J17: 0 | K17: 2-3-0 | L17: 4-1-0 | M17: 1-2-0 | N17: 4-2-0 | O17: 35 | P17: 31 | Q17: 4 | R17: W3 | S17: 6-4-0
A18: Washington Capitals | B18: 10 | C18: 6 | D18: 4 | E18: 0 | F18: 12 | G18: 5 | H18: 6 | I18: 0 | J18: 0 | K18: 3-3-0 | L18: 3-1-0 | M18: 3-0-0 | N18: 4-2-0 | O18: 27 | P18: 22 | Q18: 5 | R18: L2 | S18: 6-4-0
A19: Philadelphia Flyers | B19: 9 | C19: 5 | D19: 3 | E19: 1 | F19: 11 | G19: 0 | H19: 3 | I19: 2 | J19: 0 | K19: 5-1-0 | L19: 0-2-1 | M19: 2-0-1 | N19: 3-2-1 | O19: 26 | P19: 23 | Q19: 3 | R19: W2 | S19: 5-3-1
A20: New York Rangers | B20: 11 | C20: 4 | D20: 5 | E20: 2 | F20: 10 | G20: 4 | H20: 4 | I20: 0 | J20: 0 | K20: 0-4-1 | L20: 4-1-1 | M20: 1-2-0 | N20: 3-2-1 | O20: 24 | P20: 26 | Q20: -2 | R20: W1 | S20: 4-4-2
A21: New York Islanders | B21: 9 | C21: 4 | D21: 4 | E21: 1 | F21: 9 | G21: 4 | H21: 4 | I21: 0 | J21: 1 | K21: 3-2-0 | L21: 1-2-1 | M21: 0-2-1 | N21: 2-3-1 | O21: 32 | P21: 33 | Q21: -1 | R21: L2 | S21: 4-4-1
A22: Western_Conference
A23: Central
A24: Team | B24: GP | C24: W | D24: L | E24: OTL | F24: PTS | G24: RW | H24: ROW | I24: SOW | J24: SOL | K24: Home | L24: Away | M24: Division | N24: Conference | O24: GF | P24: GA | Q24: Diff | R24: Strk | S24: L10
A25: Colorado Avalanche | B25: 11 | C25: 6 | D25: 1 | E25: 4 | F25: 16 | G25: 6 | H25: 6 | I25: 0 | J25: 2 | K25: 3-0-2 | L25: 3-1-2 | M25: 1-0-2 | N25: 2-0-2 | O25: 41 | P25: 30 | Q25: 11 | R25: W1 | S25: 5-1-4
A26: Utah Mammoth | B26: 11 | C26: 8 | D26: 3 | E26: 0 | F26: 16 | G26: 6 | H26: 8 | I26: 0 | J26: 0 | K26: 4-0-0 | L26: 4-3-0 | M26: 5-2-0 | N26: 7-3-0 | O26: 40 | P26: 30 | Q26: 10 | R26: L1 | S26: 8-2-0
A27: Winnipeg Jets | B27: 10 | C27: 7 | D27: 3 | E27: 0 | F27: 14 | G27: 6 | H27: 7 | I27: 0 | J27: 0 | K27: 3-3-0 | L27: 4-0-0 | M27: 1-1-0 | N27: 5-3-0 | O27: 34 | P27: 25 | Q27: 9 | R27: W1 | S27: 7-3-0
A28: Dallas Stars | B28: 10 | C28: 6 | D28: 3 | E28: 1 | F28: 13 | G28: 4 | H28: 5 | I28: 1 | J28: 0 | K28: 3-2-1 | L28: 3-1-0 | M28: 4-1-0 | N28: 4-2-1 | O28: 29 | P28: 30 | Q28: -1 | R28: W3 | S28: 6-3-1
A29: Chicago Blackhawks | B29: 10 | C29: 5 | D29: 3 | E29: 2 | F29: 12 | G29: 4 | H29: 5 | I29: 0 | J29: 1 | K29: 3-2-1 | L29: 2-1-1 | M29: 2-0-0 | N29: 3-1-1 | O29: 33 | P29: 26 | Q29: 7 | R29: W1 | S29: 5-3-2
A30: Nashville Predators | B30: 11 | C30: 4 | D30: 5 | E30: 2 | F30: 10 | G30: 2 | H30: 3 | I30: 1 | J30: 0 | K30: 3-3-1 | L30: 1-2-1 | M30: 0-2-1 | N30: 2-3-1 | O30: 28 | P30: 37 | Q30: -9 | R30: L2 | S30: 3-5-2
A31: Minnesota Wild | B31: 11 | C31: 3 | D31: 5 | E31: 3 | F31: 9 | G31: 1 | H31: 2 | I31: 1 | J31: 0 | K31: 1-2-2 | L31: 2-3-1 | M31: 1-2-1 | N31: 2-2-2 | O31: 31 | P31: 43 | Q31: -12 | R31: L4 | S31: 2-5-3
A32: St. Louis Blues | B32: 10 | C32: 3 | D32: 6 | E32: 1 | F32: 7 | G32: 3 | H32: 3 | I32: 0 | J32: 0 | K32: 1-4-1 | L32: 2-2-0 | M32: 1-3-0 | N32: 3-3-1 | O32: 29 | P32: 44 | Q32: -15 | R32: L5 | S32: 3-6-1
A33: Pacific
A34: Team | B34: GP | C34: W | D34: L | E34: OTL | F34: PTS | G34: RW | H34: ROW | I34: SOW | J34: SOL | K34: Home | L34: Away | M34: Division | N34: Conference | O34: GF | P34: GA | Q34: Diff | R34: Strk | S34: L10
A35: Vegas Golden Knights | B35: 10 | C35: 6 | D35: 1 | E35: 3 | F35: 15 | G35: 5 | H35: 6 | I35: 0 | J35: 1 | K35: 3-0-1 | L35: 3-1-2 | M35: 3-0-2 | N35: 3-0-2 | O35: 37 | P35: 28 | Q35: 9 | R35: W1 | S35: 6-1-3
A36: Los Angeles Kings | B36: 11 | C36: 5 | D36: 3 | E36: 3 | F36: 13 | G36: 1 | H36: 4 | I36: 1 | J36: 2 | K36: 0-2-1 | L36: 5-1-2 | M36: 2-0-0 | N36: 5-2-2 | O36: 33 | P36: 36 | Q36: -3 | R36: W2 | S36: 5-2-3
A37: Seattle Kraken | B37: 10 | C37: 5 | D37: 2 | E37: 3 | F37: 13 | G37: 3 | H37: 5 | I37: 0 | J37: 1 | K37: 3-0-1 | L37: 2-2-2 | M37: 3-0-0 | N37: 4-0-0 | O37: 28 | P37: 29 | Q37: -1 | R37: L1 | S37: 5-2-3
A38: Edmonton Oilers | B38: 11 | C38: 5 | D38: 4 | E38: 2 | F38: 12 | G38: 4 | H38: 5 | I38: 0 | J38: 1 | K38: 3-0-1 | L38: 2-4-1 | M38: 1-1-2 | N38: 2-1-2 | O38: 35 | P38: 35 | Q38: 0 | R38: W1 | S38: 5-4-1
A39: Anaheim Ducks | B39: 9 | C39: 5 | D39: 3 | E39: 1 | F39: 11 | G39: 2 | H39: 4 | I39: 1 | J39: 0 | K39: 1-1-0 | L39: 4-2-1 | M39: 1-1-0 | N39: 2-1-1 | O39: 32 | P39: 31 | Q39: 1 | R39: W1 | S39: 5-3-1
A40: Vancouver Canucks | B40: 11 | C40: 5 | D40: 6 | E40: 0 | F40: 10 | G40: 2 | H40: 4 | I40: 1 | J40: 0 | K40: 2-3-0 | L40: 3-3-0 | M40: 2-1-0 | N40: 4-3-0 | O40: 29 | P40: 33 | Q40: -4 | R40: L1 | S40: 4-6-0
A41: San Jose Sharks | B41: 10 | C41: 2 | D41: 6 | E41: 2 | F41: 6 | G41: 0 | H41: 2 | I41: 0 | J41: 0 | K41: 0-3-2 | L41: 2-3-0 | M41: 0-1-2 | N41: 1-2-2 | O41: 32 | P41: 46 | Q41: -14 | R41: L1 | S41: 2-6-2
A42: Calgary Flames | B42: 11 | C42: 2 | D42: 8 | E42: 1 | F42: 5 | G42: 0 | H42: 1 | I42: 1 | J42: 0 | K42: 1-3-1 | L42: 1-5-0 | M42: 1-3-0 | N42: 1-7-0 | O42: 24 | P42: 39 | Q42: -15 | R42: L1 | S42: 1-8-1
A44: RW | B44: Regulation Wins
A45: ROW | B45: Regulation + OT Wins
A46: SOW | B46: Shoot Out Wins
A47: SOL | B47: Shoot Out Losses

Sheet Standings (10_30_25)
A1: Eastern Conference | T1: HOME
A2: Atlantic
A3: Team | B3: GP | C3: W | D3: L | E3: OTL | F3: PTS | G3: RW | H3: ROW | I3: SOW | J3: SOL | K3: Home | L3: Away | M3: Division | N3: Conference | O3: GF | P3: GA | Q3: Diff | R3: Strk | S3: L10
A4: Detroit Red Wings | B4: 11 | C4: 8 | D4: 3 | E4: 0 | F4: 16 | G4: 5 | H4: 7 | I4: 1 | J4: 0 | K4: 5-1-0 | L4: 3-2-0 | M4: 4-2-0 | N4: 4-3-0 | O4: 39 | P4: 34 | Q4: 5 | R4: W3 | S4: 8-2-0
A5: Montreal Canadiens | B5: 11 | C5: 8 | D5: 3 | E5: 0 | F5: 16 | G5: 4 | H5: 8 | I5: 0 | J5: 0 | K5: 3-1-0 | L5: 5-2-0 | M5: 2-1-0 | N5: 2-2-0 | O5: 40 | P5: 33 | Q5: 7 | R5: W2 | S5: 8-2-0
A6: Ottawa Senators | B6: 12 | C6: 6 | D6: 5 | E6: 1 | F6: 13 | G6: 2 | H6: 4 | I6: 2 | J6: 0 | K6: 4-2-1 | L6: 2-3-0 | M6: 2-2-0 | N6: 4-3-0 | O6: 45 | P6: 47 | Q6: -2 | R6: W1 | S6: 5-4-1
A7: Boston Bruins | B7: 13 | C7: 6 | D7: 7 | E7: 0 | F7: 12 | G7: 4 | H7: 6 | I7: 0 | J7: 0 | K7: 5-3-0 | L7: 1-4-0 | M7: 2-3-0 | N7: 4-3-0 | O7: 43 | P7: 47 | Q7: -4 | R7: W2 | S7: 3-7-0
A8: Tampa Bay Lightning | B8: 11 | C8: 5 | D8: 4 | E8: 2 | F8: 12 | G8: 3 | H8: 5 | I8: 0 | J8: 0 | K8: 3-3-0 | L8: 2-1-2 | M8: 1-1-1 | N8: 1-3-2 | O8: 31 | P8: 31 | Q8: 0 | R8: W4 | S8: 5-3-2
A9: Buffalo Sabres | B9: 11 | C9: 4 | D9: 4 | E9: 3 | F9: 11 | G9: 4 | H9: 4 | I9: 0 | J9: 0 | K9: 4-2-1 | L9: 0-2-2 | M9: 4-2-2 | N9: 4-3-3 | O9: 33 | P9: 35 | Q9: -2 | R9: L3 | S9: 4-3-3
A10: Florida Panthers | B10: 11 | C10: 5 | D10: 5 | E10: 1 | F10: 11 | G10: 5 | H10: 5 | I10: 0 | J10: 1 | K10: 4-1-1 | L10: 1-4-0 | M10: 2-2-0 | N10: 3-5-0 | O10: 27 | P10: 31 | Q10: -4 | R10: L1 | S10: 4-5-1
A11: Toronto Maple Leafs | B11: 11 | C11: 5 | D11: 5 | E11: 1 | F11: 11 | G11: 3 | H11: 5 | I11: 0 | J11: 0 | K11: 5-2-1 | L11: 0-3-0 | M11: 2-3-0 | N11: 3-5-0 | O11: 38 | P11: 42 | Q11: -4 | R11: L1 | S11: 4-5-1
A12: Metropolitan
A13: Team | B13: GP | C13: W | D13: L | E13: OTL | F13: PTS | G13: RW | H13: ROW | I13: SOW | J13: SOL | K13: Home | L13: Away | M13: Division | N13: Conference | O13: GF | P13: GA | Q13: Diff | R13: Strk | S13: L10
A14: Pittsburgh Penguins | B14: 12 | C14: 8 | D14: 2 | E14: 2 | F14: 18 | G14: 8 | H14: 8 | I14: 0 | J14: 2 | K14: 3-1-1 | L14: 5-1-1 | M14: 2-1-2 | N14: 3-1-2 | O14: 44 | P14: 31 | Q14: 13 | R14: W1 | S14: 6-2-2
A15: New Jersey Devils | B15: 11 | C15: 8 | D15: 3 | E15: 0 | F15: 16 | G15: 7 | H15: 8 | I15: 0 | J15: 0 | K15: 5-0-0 | L15: 3-3-0 | M15: 1-1-0 | N15: 4-1-0 | O15: 41 | P15: 35 | Q15: 6 | R15: L2 | S15: 8-2-0
A16: Carolina Hurricanes | B16: 10 | C16: 7 | D16: 3 | E16: 0 | F16: 14 | G16: 3 | H16: 6 | I16: 1 | J16: 0 | K16: 3-1-0 | L16: 4-2-0 | M16: 3-0-0 | N16: 3-0-0 | O16: 40 | P16: 30 | Q16: 10 | R16: W1 | S16: 7-3-0
A17: Philadelphia Flyers | B17: 10 | C17: 6 | D17: 3 | E17: 1 | F17: 13 | G17: 1 | H17: 4 | I17: 2 | J17: 0 | K17: 6-1-0 | L17: 0-2-1 | M17: 2-0-1 | N17: 3-2-1 | O17: 30 | P17: 24 | Q17: 6 | R17: W3 | S17: 6-3-1
A18: Columbus Blue Jackets | B18: 10 | C18: 6 | D18: 4 | E18: 0 | F18: 12 | G18: 3 | H18: 5 | I18: 1 | J18: 0 | K18: 2-3-0 | L18: 4-1-0 | M18: 1-2-0 | N18: 4-2-0 | O18: 35 | P18: 31 | Q18: 4 | R18: W3 | S18: 6-4-0
A19: New York Rangers | B19: 12 | C19: 5 | D19: 5 | E19: 2 | F19: 12 | G19: 4 | H19: 5 | I19: 0 | J19: 0 | K19: 0-4-1 | L19: 5-1-1 | M19: 1-2-0 | N19: 3-2-1 | O19: 28 | P19: 29 | Q19: -1 | R19: W2 | S19: 4-4-2
A20: Washington Capitals | B20: 10 | C20: 6 | D20: 4 | E20: 0 | F20: 12 | G20: 5 | H20: 6 | I20: 0 | J20: 0 | K20: 3-3-0 | L20: 3-1-0 | M20: 3-0-0 | N20: 4-2-0 | O20: 27 | P20: 22 | Q20: 5 | R20: L2 | S20: 6-4-0
A21: New York Islanders | B21: 10 | C21: 4 | D21: 5 | E21: 1 | F21: 9 | G21: 4 | H21: 4 | I21: 0 | J21: 1 | K21: 3-2-0 | L21: 1-3-1 | M21: 0-3-1 | N21: 2-4-1 | O21: 34 | P21: 39 | Q21: -5 | R21: L3 | S21: 4-5-1
A22: Western_Conference
A23: Central
A24: Team | B24: GP | C24: W | D24: L | E24: OTL | F24: PTS | G24: RW | H24: ROW | I24: SOW | J24: SOL | K24: Home | L24: Away | M24: Division | N24: Conference | O24: GF | P24: GA | Q24: Diff | R24: Strk | S24: L10
A25: Colorado Avalanche | B25: 11 | C25: 6 | D25: 1 | E25: 4 | F25: 16 | G25: 6 | H25: 6 | I25: 0 | J25: 2 | K25: 3-0-2 | L25: 3-1-2 | M25: 1-0-2 | N25: 2-0-2 | O25: 41 | P25: 30 | Q25: 11 | R25: W1 | S25: 5-1-4
A26: Utah Mammoth | B26: 11 | C26: 8 | D26: 3 | E26: 0 | F26: 16 | G26: 6 | H26: 8 | I26: 0 | J26: 0 | K26: 4-0-0 | L26: 4-3-0 | M26: 5-2-0 | N26: 7-3-0 | O26: 40 | P26: 30 | Q26: 10 | R26: L1 | S26: 8-2-0
A27: Winnipeg Jets | B27: 11 | C27: 8 | D27: 3 | E27: 0 | F27: 16 | G27: 7 | H27: 8 | I27: 0 | J27: 0 | K27: 4-3-0 | L27: 4-0-0 | M27: 1-1-0 | N27: 6-3-0 | O27: 40 | P27: 28 | Q27: 12 | R27: W2 | S27: 8-2-0
A28: Dallas Stars | B28: 11 | C28: 6 | D28: 3 | E28: 2 | F28: 14 | G28: 4 | H28: 5 | I28: 1 | J28: 0 | K28: 3-2-1 | L28: 3-1-1 | M28: 4-1-0 | N28: 4-2-1 | O28: 30 | P28: 32 | Q28: -2 | R28: L1 | S28: 5-3-2
A29: Chicago Blackhawks | B29: 11 | C29: 5 | D29: 4 | E29: 2 | F29: 12 | G29: 4 | H29: 5 | I29: 0 | J29: 1 | K29: 3-2-1 | L29: 2-2-1 | M29: 2-1-0 | N29: 3-2-1 | O29: 36 | P29: 32 | Q29: 4 | R29: L1 | S29: 5-3-2
A30: Nashville Predators | B30: 12 | C30: 4 | D30: 6 | E30: 2 | F30: 10 | G30: 2 | H30: 3 | I30: 1 | J30: 0 | K30: 3-3-1 | L30: 1-3-1 | M30: 0-2-1 | N30: 2-3-1 | O30: 29 | P30: 41 | Q30: -12 | R30: L3 | S30: 3-6-1
A31: Minnesota Wild | B31: 12 | C31: 3 | D31: 6 | E31: 3 | F31: 9 | G31: 1 | H31: 2 | I31: 1 | J31: 0 | K31: 1-3-2 | L31: 2-3-1 | M31: 1-2-1 | N31: 2-2-2 | O31: 32 | P31: 47 | Q31: -15 | R31: L5 | S31: 2-5-3
A32: St. Louis Blues | B32: 11 | C32: 3 | D32: 6 | E32: 2 | F32: 8 | G32: 3 | H32: 3 | I32: 0 | J32: 1 | K32: 1-4-2 | L32: 2-2-0 | M32: 1-3-0 | N32: 3-3-2 | O32: 32 | P32: 48 | Q32: -16 | R32: L6 | S32: 3-5-2
A33: Pacific
A34: Team | B34: GP | C34: W | D34: L | E34: OTL | F34: PTS | G34: RW | H34: ROW | I34: SOW | J34: SOL | K34: Home | L34: Away | M34: Division | N34: Conference | O34: GF | P34: GA | Q34: Diff | R34: Strk | S34: L10
A35: Vegas Golden Knights | B35: 10 | C35: 6 | D35: 1 | E35: 3 | F35: 15 | G35: 5 | H35: 6 | I35: 0 | J35: 1 | K35: 3-0-1 | L35: 3-1-2 | M35: 3-0-2 | N35: 3-0-2 | O35: 37 | P35: 28 | Q35: 9 | R35: W1 | S35: 6-1-3
A36: Los Angeles Kings | B36: 12 | C36: 5 | D36: 3 | E36: 4 | F36: 14 | G36: 1 | H36: 4 | I36: 1 | J36: 3 | K36: 0-2-2 | L36: 5-1-2 | M36: 2-0-0 | N36: 5-2-2 | O36: 36 | P36: 40 | Q36: -4 | R36: L1 | S36: 4-2-4
A37: Edmonton Oilers | B37: 12 | C37: 5 | D37: 4 | E37: 3 | F37: 13 | G37: 4 | H37: 5 | I37: 0 | J37: 1 | K37: 3-0-2 | L37: 2-4-1 | M37: 1-1-2 | N37: 2-1-2 | O37: 38 | P37: 39 | Q37: -1 | R37: L1 | S37: 4-4-2
A38: Seattle Kraken | B38: 10 | C38: 5 | D38: 2 | E38: 3 | F38: 13 | G38: 3 | H38: 5 | I38: 0 | J38: 1 | K38: 3-0-1 | L38: 2-2-2 | M38: 3-0-0 | N38: 4-0-0 | O38: 28 | P38: 29 | Q38: -1 | R38: L1 | S38: 5-2-3
A39: Vancouver Canucks | B39: 12 | C39: 6 | D39: 6 | E39: 0 | F39: 12 | G39: 1 | H39: 4 | I39: 2 | J39: 0 | K39: 2-3-0 | L39: 4-3-0 | M39: 2-1-0 | N39: 5-3-0 | O39: 33 | P39: 36 | Q39: -3 | R39: W1 | S39: 5-5-0
A40: Anaheim Ducks | B40: 9 | C40: 5 | D40: 3 | E40: 1 | F40: 11 | G40: 2 | H40: 4 | I40: 1 | J40: 0 | K40: 1-1-0 | L40: 4-2-1 | M40: 1-1-0 | N40: 2-1-1 | O40: 32 | P40: 31 | Q40: 1 | R40: W1 | S40: 5-3-1
A41: San Jose Sharks | B41: 11 | C41: 3 | D41: 6 | E41: 2 | F41: 8 | G41: 1 | H41: 3 | I41: 0 | J41: 0 | K41: 1-3-2 | L41: 2-3-0 | M41: 0-1-2 | N41: 1-2-2 | O41: 37 | P41: 48 | Q41: -11 | R41: W1 | S41: 3-6-1
A42: Calgary Flames | B42: 12 | C42: 2 | D42: 8 | E42: 2 | F42: 6 | G42: 0 | H42: 1 | I42: 1 | J42: 1 | K42: 1-3-1 | L42: 1-5-1 | M42: 1-3-0 | N42: 1-7-0 | O42: 27 | P42: 43 | Q42: -16 | R42: L2 | S42: 1-7-2
A44: RW | B44: Regulation Wins
A45: ROW | B45: Regulation + OT Wins
A46: SOW | B46: Shoot Out Wins
A47: SOL | B47: Shoot Out Losses

Sheet Standings (10_31_25)
A1: Eastern Conference | T1: HOME
A2: Atlantic
A3: Team | B3: GP | C3: W | D3: L | E3: OTL | F3: PTS | G3: RW | H3: ROW | I3: SOW | J3: SOL | K3: Home | L3: Away | M3: Division | N3: Conference | O3: GF | P3: GA | Q3: Diff | R3: Strk | S3: L10
A4: Detroit Red Wings | B4: 12 | C4: 8 | D4: 4 | E4: 0 | F4: 16 | G4: 5 | H4: 7 | I4: 1 | J4: 0 | K4: 5-1-0 | L4: 3-3-0 | M4: 4-2-0 | N4: 4-3-0 | O4: 41 | P4: 39 | Q4: 2 | R4: L1 | S4: 7-3-0
A5: Montreal Canadiens | B5: 11 | C5: 8 | D5: 3 | E5: 0 | F5: 16 | G5: 4 | H5: 8 | I5: 0 | J5: 0 | K5: 3-1-0 | L5: 5-2-0 | M5: 2-1-0 | N5: 2-2-0 | O5: 40 | P5: 33 | Q5: 7 | R5: W2 | S5: 8-2-0
A6: Ottawa Senators | B6: 12 | C6: 6 | D6: 5 | E6: 1 | F6: 13 | G6: 2 | H6: 4 | I6: 2 | J6: 0 | K6: 4-2-1 | L6: 2-3-0 | M6: 2-2-0 | N6: 4-3-0 | O6: 45 | P6: 47 | Q6: -2 | R6: W1 | S6: 5-4-1
A7: Boston Bruins | B7: 13 | C7: 6 | D7: 7 | E7: 0 | F7: 12 | G7: 4 | H7: 6 | I7: 0 | J7: 0 | K7: 5-3-0 | L7: 1-4-0 | M7: 2-3-0 | N7: 4-3-0 | O7: 43 | P7: 47 | Q7: -4 | R7: W2 | S7: 3-7-0
A8: Tampa Bay Lightning | B8: 11 | C8: 5 | D8: 4 | E8: 2 | F8: 12 | G8: 3 | H8: 5 | I8: 0 | J8: 0 | K8: 3-3-0 | L8: 2-1-2 | M8: 1-1-1 | N8: 1-3-2 | O8: 31 | P8: 31 | Q8: 0 | R8: W4 | S8: 5-3-2
A9: Buffalo Sabres | B9: 11 | C9: 4 | D9: 4 | E9: 3 | F9: 11 | G9: 4 | H9: 4 | I9: 0 | J9: 0 | K9: 4-2-1 | L9: 0-2-2 | M9: 4-2-2 | N9: 4-3-3 | O9: 33 | P9: 35 | Q9: -2 | R9: L3 | S9: 4-3-3
A10: Florida Panthers | B10: 11 | C10: 5 | D10: 5 | E10: 1 | F10: 11 | G10: 5 | H10: 5 | I10: 0 | J10: 1 | K10: 4-1-1 | L10: 1-4-0 | M10: 2-2-0 | N10: 3-5-0 | O10: 27 | P10: 31 | Q10: -4 | R10: L1 | S10: 4-5-1
A11: Toronto Maple Leafs | B11: 11 | C11: 5 | D11: 5 | E11: 1 | F11: 11 | G11: 3 | H11: 5 | I11: 0 | J11: 0 | K11: 5-2-1 | L11: 0-3-0 | M11: 2-3-0 | N11: 3-5-0 | O11: 38 | P11: 42 | Q11: -4 | R11: L1 | S11: 4-5-1
A12: Metropolitan
A13: Team | B13: GP | C13: W | D13: L | E13: OTL | F13: PTS | G13: RW | H13: ROW | I13: SOW | J13: SOL | K13: Home | L13: Away | M13: Division | N13: Conference | O13: GF | P13: GA | Q13: Diff | R13: Strk | S13: L10
A14: Pittsburgh Penguins | B14: 12 | C14: 8 | D14: 2 | E14: 2 | F14: 18 | G14: 8 | H14: 8 | I14: 0 | J14: 2 | K14: 3-1-1 | L14: 5-1-1 | M14: 2-1-2 | N14: 3-1-2 | O14: 44 | P14: 31 | Q14: 13 | R14: W1 | S14: 6-2-2
A15: New Jersey Devils | B15: 11 | C15: 8 | D15: 3 | E15: 0 | F15: 16 | G15: 7 | H15: 8 | I15: 0 | J15: 0 | K15: 5-0-0 | L15: 3-3-0 | M15: 1-1-0 | N15: 4-1-0 | O15: 41 | P15: 35 | Q15: 6 | R15: L2 | S15: 8-2-0
A16: Carolina Hurricanes | B16: 10 | C16: 7 | D16: 3 | E16: 0 | F16: 14 | G16: 3 | H16: 6 | I16: 1 | J16: 0 | K16: 3-1-0 | L16: 4-2-0 | M16: 3-0-0 | N16: 3-0-0 | O16: 40 | P16: 30 | Q16: 10 | R16: W1 | S16: 7-3-0
A17: Philadelphia Flyers | B17: 10 | C17: 6 | D17: 3 | E17: 1 | F17: 13 | G17: 1 | H17: 4 | I17: 2 | J17: 0 | K17: 6-1-0 | L17: 0-2-1 | M17: 2-0-1 | N17: 3-2-1 | O17: 30 | P17: 24 | Q17: 6 | R17: W3 | S17: 6-3-1
A18: Columbus Blue Jackets | B18: 10 | C18: 6 | D18: 4 | E18: 0 | F18: 12 | G18: 3 | H18: 5 | I18: 1 | J18: 0 | K18: 2-3-0 | L18: 4-1-0 | M18: 1-2-0 | N18: 4-2-0 | O18: 35 | P18: 31 | Q18: 4 | R18: W3 | S18: 6-4-0
A19: New York Rangers | B19: 12 | C19: 5 | D19: 5 | E19: 2 | F19: 12 | G19: 4 | H19: 5 | I19: 0 | J19: 0 | K19: 0-4-1 | L19: 5-1-1 | M19: 1-2-0 | N19: 3-2-1 | O19: 28 | P19: 29 | Q19: -1 | R19: W2 | S19: 4-4-2
A20: Washington Capitals | B20: 11 | C20: 6 | D20: 5 | E20: 0 | F20: 12 | G20: 5 | H20: 6 | I20: 0 | J20: 0 | K20: 3-4-0 | L20: 3-1-0 | M20: 3-1-0 | N20: 4-3-0 | O20: 28 | P20: 25 | Q20: 3 | R20: L3 | S20: 6-4-0
A21: New York Islanders | B21: 11 | C21: 5 | D21: 5 | E21: 1 | F21: 11 | G21: 5 | H21: 5 | I21: 0 | J21: 1 | K21: 3-2-0 | L21: 2-3-1 | M21: 1-3-1 | N21: 3-4-1 | O21: 37 | P21: 40 | Q21: -3 | R21: W1 | S21: 5-4-1
A22: Western_Conference
A23: Central
A24: Team | B24: GP | C24: W | D24: L | E24: OTL | F24: PTS | G24: RW | H24: ROW | I24: SOW | J24: SOL | K24: Home | L24: Away | M24: Division | N24: Conference | O24: GF | P24: GA | Q24: Diff | R24: Strk | S24: L10
A25: Colorado Avalanche | B25: 12 | C25: 7 | D25: 1 | E25: 4 | F25: 18 | G25: 7 | H25: 7 | I25: 0 | J25: 2 | K25: 3-0-2 | L25: 4-1-2 | M25: 1-0-2 | N25: 3-0-2 | O25: 45 | P25: 32 | Q25: 13 | R25: W2 | S25: 5-1-4
A26: Utah Mammoth | B26: 11 | C26: 8 | D26: 3 | E26: 0 | F26: 16 | G26: 6 | H26: 8 | I26: 0 | J26: 0 | K26: 4-0-0 | L26: 4-3-0 | M26: 5-2-0 | N26: 7-3-0 | O26: 40 | P26: 30 | Q26: 10 | R26: L1 | S26: 8-2-0
A27: Winnipeg Jets | B27: 11 | C27: 8 | D27: 3 | E27: 0 | F27: 16 | G27: 7 | H27: 8 | I27: 0 | J27: 0 | K27: 4-3-0 | L27: 4-0-0 | M27: 1-1-0 | N27: 6-3-0 | O27: 40 | P27: 28 | Q27: 12 | R27: W2 | S27: 8-2-0
A28: Dallas Stars | B28: 11 | C28: 6 | D28: 3 | E28: 2 | F28: 14 | G28: 4 | H28: 5 | I28: 1 | J28: 0 | K28: 3-2-1 | L28: 3-1-1 | M28: 4-1-0 | N28: 4-2-1 | O28: 30 | P28: 32 | Q28: -2 | R28: L1 | S28: 5-3-2
A29: Chicago Blackhawks | B29: 11 | C29: 5 | D29: 4 | E29: 2 | F29: 12 | G29: 4 | H29: 5 | I29: 0 | J29: 1 | K29: 3-2-1 | L29: 2-2-1 | M29: 2-1-0 | N29: 3-2-1 | O29: 36 | P29: 32 | Q29: 4 | R29: L1 | S29: 5-3-2
A30: Nashville Predators | B30: 12 | C30: 4 | D30: 6 | E30: 2 | F30: 10 | G30: 2 | H30: 3 | I30: 1 | J30: 0 | K30: 3-3-1 | L30: 1-3-1 | M30: 0-2-1 | N30: 2-3-1 | O30: 29 | P30: 41 | Q30: -12 | R30: L3 | S30: 3-6-1
A31: Minnesota Wild | B31: 12 | C31: 3 | D31: 6 | E31: 3 | F31: 9 | G31: 1 | H31: 2 | I31: 1 | J31: 0 | K31: 1-3-2 | L31: 2-3-1 | M31: 1-2-1 | N31: 2-2-2 | O31: 32 | P31: 47 | Q31: -15 | R31: L5 | S31: 2-5-3
A32: St. Louis Blues | B32: 11 | C32: 3 | D32: 6 | E32: 2 | F32: 8 | G32: 3 | H32: 3 | I32: 0 | J32: 1 | K32: 1-4-2 | L32: 2-2-0 | M32: 1-3-0 | N32: 3-3-2 | O32: 32 | P32: 48 | Q32: -16 | R32: L6 | S32: 3-5-2
A33: Pacific
A34: Team | B34: GP | C34: W | D34: L | E34: OTL | F34: PTS | G34: RW | H34: ROW | I34: SOW | J34: SOL | K34: Home | L34: Away | M34: Division | N34: Conference | O34: GF | P34: GA | Q34: Diff | R34: Strk | S34: L10
A35: Vegas Golden Knights | B35: 11 | C35: 6 | D35: 2 | E35: 3 | F35: 15 | G35: 5 | H35: 6 | I35: 0 | J35: 1 | K35: 3-1-1 | L35: 3-1-2 | M35: 3-0-2 | N35: 3-1-2 | O35: 39 | P35: 32 | Q35: 7 | R35: L1 | S35: 6-2-2
A36: Los Angeles Kings | B36: 12 | C36: 5 | D36: 3 | E36: 4 | F36: 14 | G36: 1 | H36: 4 | I36: 1 | J36: 3 | K36: 0-2-2 | L36: 5-1-2 | M36: 2-0-0 | N36: 5-2-2 | O36: 36 | P36: 40 | Q36: -4 | R36: L1 | S36: 4-2-4
A37: Anaheim Ducks | B37: 10 | C37: 6 | D37: 3 | E37: 1 | F37: 13 | G37: 3 | H37: 5 | I37: 1 | J37: 0 | K37: 2-1-0 | L37: 4-2-1 | M37: 1-1-0 | N37: 2-1-1 | O37: 37 | P37: 33 | Q37: 4 | R37: W2 | S37: 6-3-1
A38: Edmonton Oilers | B38: 12 | C38: 5 | D38: 4 | E38: 3 | F38: 13 | G38: 4 | H38: 5 | I38: 0 | J38: 1 | K38: 3-0-2 | L38: 2-4-1 | M38: 1-1-2 | N38: 2-1-2 | O38: 38 | P38: 39 | Q38: -1 | R38: L1 | S38: 4-4-2
A39: Seattle Kraken | B39: 10 | C39: 5 | D39: 2 | E39: 3 | F39: 13 | G39: 3 | H39: 5 | I39: 0 | J39: 1 | K39: 3-0-1 | L39: 2-2-2 | M39: 3-0-0 | N39: 4-0-0 | O39: 28 | P39: 29 | Q39: -1 | R39: L1 | S39: 5-2-3
A40: Vancouver Canucks | B40: 12 | C40: 6 | D40: 6 | E40: 0 | F40: 12 | G40: 1 | H40: 4 | I40: 2 | J40: 0 | K40: 2-3-0 | L40: 4-3-0 | M40: 2-1-0 | N40: 5-3-0 | O40: 33 | P40: 36 | Q40: -3 | R40: W1 | S40: 5-5-0
A41: San Jose Sharks | B41: 11 | C41: 3 | D41: 6 | E41: 2 | F41: 8 | G41: 1 | H41: 3 | I41: 0 | J41: 0 | K41: 1-3-2 | L41: 2-3-0 | M41: 0-1-2 | N41: 1-2-2 | O41: 37 | P41: 48 | Q41: -11 | R41: W1 | S41: 3-6-1
A42: Calgary Flames | B42: 12 | C42: 2 | D42: 8 | E42: 2 | F42: 6 | G42: 0 | H42: 1 | I42: 1 | J42: 1 | K42: 1-3-1 | L42: 1-5-1 | M42: 1-3-0 | N42: 1-7-0 | O42: 27 | P42: 43 | Q42: -16 | R42: L2 | S42: 1-7-2
A44: RW | B44: Regulation Wins
A45: ROW | B45: Regulation + OT Wins
A46: SOW | B46: Shoot Out Wins
A47: SOL | B47: Shoot Out Losses

Sheet Standings (11_1_25)
A1: Eastern Conference | T1: HOME
A2: Atlantic
A3: Team | B3: GP | C3: W | D3: L | E3: OTL | F3: PTS | G3: RW | H3: ROW | I3: SOW | J3: SOL | K3: Home | L3: Away | M3: Division | N3: Conference | O3: GF | P3: GA | Q3: Diff | R3: Strk | S3: L10
A4: Montreal Canadiens | B4: 12 | C4: 9 | D4: 3 | E4: 0 | F4: 18 | G4: 4 | H4: 9 | I4: 0 | J4: 0 | K4: 4-1-0 | L4: 5-2-0 | M4: 3-1-0 | N4: 3-2-0 | O4: 44 | P4: 36 | Q4: 8 | R4: W3 | S4: 8-2-0
A5: Detroit Red Wings | B5: 12 | C5: 8 | D5: 4 | E5: 0 | F5: 16 | G5: 5 | H5: 7 | I5: 1 | J5: 0 | K5: 5-1-0 | L5: 3-3-0 | M5: 4-2-0 | N5: 4-3-0 | O5: 41 | P5: 39 | Q5: 2 | R5: L1 | S5: 7-3-0
A6: Boston Bruins | B6: 14 | C6: 7 | D6: 7 | E6: 0 | F6: 14 | G6: 5 | H6: 7 | I6: 0 | J6: 0 | K6: 6-3-0 | L6: 1-4-0 | M6: 2-3-0 | N6: 5-3-0 | O6: 45 | P6: 48 | Q6: -3 | R6: W3 | S6: 4-6-0
A7: Ottawa Senators | B7: 13 | C7: 6 | D7: 5 | E7: 2 | F7: 14 | G7: 2 | H7: 4 | I7: 2 | J7: 0 | K7: 4-2-1 | L7: 2-3-1 | M7: 2-2-1 | N7: 4-3-1 | O7: 48 | P7: 51 | Q7: -3 | R7: L1 | S7: 5-3-2
A8: Buffalo Sabres | B8: 12 | C8: 5 | D8: 4 | E8: 3 | F8: 13 | G8: 3 | H8: 4 | I8: 1 | J8: 0 | K8: 5-2-1 | L8: 0-2-2 | M8: 4-2-2 | N8: 5-3-3 | O8: 37 | P8: 38 | Q8: -1 | R8: W1 | S8: 5-2-3
A9: Florida Panthers | B9: 12 | C9: 6 | D9: 5 | E9: 1 | F9: 13 | G9: 4 | H9: 5 | I9: 1 | J9: 1 | K9: 5-1-1 | L9: 1-4-0 | M9: 2-2-0 | N9: 3-5-0 | O9: 31 | P9: 34 | Q9: -3 | R9: W1 | S9: 4-5-1
A10: Toronto Maple Leafs | B10: 12 | C10: 6 | D10: 5 | E10: 1 | F10: 13 | G10: 4 | H10: 6 | I10: 0 | J10: 0 | K10: 5-2-1 | L10: 1-3-0 | M10: 2-3-0 | N10: 4-5-0 | O10: 43 | P10: 44 | Q10: -1 | R10: W1 | S10: 5-4-1
A11: Tampa Bay Lightning | B11: 11 | C11: 5 | D11: 4 | E11: 2 | F11: 12 | G11: 3 | H11: 5 | I11: 0 | J11: 0 | K11: 3-3-0 | L11: 2-1-2 | M11: 1-1-1 | N11: 1-3-2 | O11: 31 | P11: 31 | Q11: 0 | R11: W4 | S11: 5-3-2
A12: Metropolitan
A13: Team | B13: GP | C13: W | D13: L | E13: OTL | F13: PTS | G13: RW | H13: ROW | I13: SOW | J13: SOL | K13: Home | L13: Away | M13: Division | N13: Conference | O13: GF | P13: GA | Q13: Diff | R13: Strk | S13: L10
A14: New Jersey Devils | B14: 12 | C14: 9 | D14: 3 | E14: 0 | F14: 18 | G14: 8 | H14: 9 | I14: 0 | J14: 0 | K14: 5-0-0 | L14: 4-3-0 | M14: 1-1-0 | N14: 4-1-0 | O14: 45 | P14: 36 | Q14: 9 | R14: W1 | S14: 8-2-0
A15: Pittsburgh Penguins | B15: 13 | C15: 8 | D15: 3 | E15: 2 | F15: 18 | G15: 8 | H15: 8 | I15: 0 | J15: 2 | K15: 3-1-1 | L15: 5-2-1 | M15: 2-1-2 | N15: 3-1-2 | O15: 46 | P15: 36 | Q15: 10 | R15: L1 | S15: 6-2-2
A16: Carolina Hurricanes | B16: 11 | C16: 7 | D16: 4 | E16: 0 | F16: 14 | G16: 3 | H16: 6 | I16: 1 | J16: 0 | K16: 3-1-0 | L16: 4-3-0 | M16: 3-0-0 | N16: 3-1-0 | O16: 41 | P16: 32 | Q16: 9 | R16: L1 | S16: 6-4-0
A17: Columbus Blue Jackets | B17: 11 | C17: 7 | D17: 4 | E17: 0 | F17: 14 | G17: 4 | H17: 6 | I17: 1 | J17: 0 | K17: 3-3-0 | L17: 4-1-0 | M17: 1-2-0 | N17: 4-2-0 | O17: 38 | P17: 33 | Q17: 5 | R17: W4 | S17: 7-3-0
A18: New York Rangers | B18: 13 | C18: 6 | D18: 5 | E18: 2 | F18: 14 | G18: 4 | H18: 6 | I18: 0 | J18: 0 | K18: 0-4-1 | L18: 6-1-1 | M18: 1-2-0 | N18: 3-2-1 | O18: 31 | P18: 31 | Q18: 0 | R18: W3 | S18: 4-4-2
A19: Philadelphia Flyers | B19: 11 | C19: 6 | D19: 4 | E19: 1 | F19: 13 | G19: 1 | H19: 4 | I19: 2 | J19: 0 | K19: 6-2-0 | L19: 0-2-1 | M19: 2-0-1 | N19: 3-3-1 | O19: 32 | P19: 29 | Q19: 3 | R19: L1 | S19: 6-3-1
A20: Washington Capitals | B20: 12 | C20: 6 | D20: 5 | E20: 1 | F20: 13 | G20: 5 | H20: 6 | I20: 0 | J20: 1 | K20: 3-4-0 | L20: 3-1-1 | M20: 3-1-0 | N20: 4-3-1 | O20: 31 | P20: 29 | Q20: 2 | R20: L4 | S20: 5-4-1
A21: New York Islanders | B21: 11 | C21: 5 | D21: 5 | E21: 1 | F21: 11 | G21: 5 | H21: 5 | I21: 0 | J21: 1 | K21: 3-2-0 | L21: 2-3-1 | M21: 1-3-1 | N21: 3-4-1 | O21: 37 | P21: 40 | Q21: -3 | R21: W1 | S21: 5-4-1
A22: Western_Conference
A23: Central
A24: Team | B24: GP | C24: W | D24: L | E24: OTL | F24: PTS | G24: RW | H24: ROW | I24: SOW | J24: SOL | K24: Home | L24: Away | M24: Division | N24: Conference | O24: GF | P24: GA | Q24: Diff | R24: Strk | S24: L10
A25: Colorado Avalanche | B25: 13 | C25: 7 | D25: 1 | E25: 5 | F25: 19 | G25: 7 | H25: 7 | I25: 0 | J25: 2 | K25: 3-0-2 | L25: 4-1-3 | M25: 1-0-2 | N25: 3-0-3 | O25: 47 | P25: 35 | Q25: 12 | R25: L1 | S25: 5-1-4
A26: Winnipeg Jets | B26: 12 | C26: 9 | D26: 3 | E26: 0 | F26: 18 | G26: 8 | H26: 9 | I26: 0 | J26: 0 | K26: 5-3-0 | L26: 4-0-0 | M26: 1-1-0 | N26: 6-3-0 | O26: 45 | P26: 30 | Q26: 15 | R26: W3 | S26: 8-2-0
A27: Utah Mammoth | B27: 11 | C27: 8 | D27: 3 | E27: 0 | F27: 16 | G27: 6 | H27: 8 | I27: 0 | J27: 0 | K27: 4-0-0 | L27: 4-3-0 | M27: 5-2-0 | N27: 7-3-0 | O27: 40 | P27: 30 | Q27: 10 | R27: L1 | S27: 8-2-0
A28: Dallas Stars | B28: 12 | C28: 6 | D28: 3 | E28: 3 | F28: 15 | G28: 4 | H28: 5 | I28: 1 | J28: 1 | K28: 3-2-1 | L28: 3-1-2 | M28: 4-1-0 | N28: 4-2-1 | O28: 33 | P28: 36 | Q28: -3 | R28: L2 | S28: 4-3-3
A29: Chicago Blackhawks | B29: 12 | C29: 5 | D29: 4 | E29: 3 | F29: 13 | G29: 4 | H29: 5 | I29: 0 | J29: 1 | K29: 3-2-1 | L29: 2-2-2 | M29: 2-1-0 | N29: 3-2-2 | O29: 38 | P29: 35 | Q29: 3 | R29: L2 | S29: 5-3-2
A30: Nashville Predators | B30: 13 | C30: 5 | D30: 6 | E30: 2 | F30: 12 | G30: 3 | H30: 4 | I30: 1 | J30: 0 | K30: 4-3-1 | L30: 1-3-1 | M30: 0-2-1 | N30: 3-3-1 | O30: 33 | P30: 43 | Q30: -10 | R30: W1 | S30: 3-6-1
A31: Minnesota Wild | B31: 13 | C31: 4 | D31: 6 | E31: 3 | F31: 11 | G31: 2 | H31: 3 | I31: 1 | J31: 0 | K31: 2-3-2 | L31: 2-3-1 | M31: 1-2-1 | N31: 3-2-2 | O31: 37 | P31: 49 | Q31: -12 | R31: W1 | S31: 2-5-3
A32: St. Louis Blues | B32: 12 | C32: 3 | D32: 7 | E32: 2 | F32: 8 | G32: 3 | H32: 3 | I32: 0 | J32: 1 | K32: 1-4-2 | L32: 2-3-0 | M32: 1-3-0 | N32: 3-3-2 | O32: 34 | P32: 51 | Q32: -17 | R32: L7 | S32: 2-6-2
A33: Pacific
A34: Team | B34: GP | C34: W | D34: L | E34: OTL | F34: PTS | G34: RW | H34: ROW | I34: SOW | J34: SOL | K34: Home | L34: Away | M34: Division | N34: Conference | O34: GF | P34: GA | Q34: Diff | R34: Strk | S34: L10
A35: Edmonton Oilers | B35: 13 | C35: 6 | D35: 4 | E35: 3 | F35: 15 | G35: 4 | H35: 6 | I35: 0 | J35: 1 | K35: 4-0-2 | L35: 2-4-1 | M35: 1-1-2 | N35: 3-1-2 | O35: 41 | P35: 41 | Q35: 0 | R35: W1 | S35: 4-4-2
A36: Vegas Golden Knights | B36: 11 | C36: 6 | D36: 2 | E36: 3 | F36: 15 | G36: 5 | H36: 6 | I36: 0 | J36: 1 | K36: 3-1-1 | L36: 3-1-2 | M36: 3-0-2 | N36: 3-1-2 | O36: 39 | P36: 32 | Q36: 7 | R36: L1 | S36: 6-2-2
A37: Los Angeles Kings | B37: 13 | C37: 5 | D37: 4 | E37: 4 | F37: 14 | G37: 1 | H37: 4 | I37: 1 | J37: 3 | K37: 0-3-2 | L37: 5-1-2 | M37: 2-0-0 | N37: 5-2-2 | O37: 37 | P37: 44 | Q37: -7 | R37: L2 | S37: 4-2-4
A38: Seattle Kraken | B38: 11 | C38: 5 | D38: 2 | E38: 4 | F38: 14 | G38: 3 | H38: 5 | I38: 0 | J38: 1 | K38: 3-0-2 | L38: 2-2-2 | M38: 3-0-0 | N38: 4-0-0 | O38: 30 | P38: 32 | Q38: -2 | R38: L2 | S38: 4-2-4
A39: Anaheim Ducks | B39: 10 | C39: 6 | D39: 3 | E39: 1 | F39: 13 | G39: 3 | H39: 5 | I39: 1 | J39: 0 | K39: 2-1-0 | L39: 4-2-1 | M39: 1-1-0 | N39: 2-1-1 | O39: 37 | P39: 33 | Q39: 4 | R39: W2 | S39: 6-3-1
A40: Vancouver Canucks | B40: 13 | C40: 6 | D40: 7 | E40: 0 | F40: 12 | G40: 1 | H40: 4 | I40: 2 | J40: 0 | K40: 2-3-0 | L40: 4-4-0 | M40: 2-1-0 | N40: 5-4-0 | O40: 35 | P40: 41 | Q40: -6 | R40: L1 | S40: 5-5-0
A41: San Jose Sharks | B41: 12 | C41: 4 | D41: 6 | E41: 2 | F41: 10 | G41: 1 | H41: 4 | I41: 0 | J41: 0 | K41: 2-3-2 | L41: 2-3-0 | M41: 0-1-2 | N41: 2-2-2 | O41: 40 | P41: 50 | Q41: -10 | R41: W2 | S41: 4-6-0
A42: Calgary Flames | B42: 13 | C42: 2 | D42: 9 | E42: 2 | F42: 6 | G42: 0 | H42: 1 | I42: 1 | J42: 1 | K42: 1-3-1 | L42: 1-6-1 | M42: 1-3-0 | N42: 1-8-0 | O42: 29 | P42: 47 | Q42: -18 | R42: L3 | S42: 1-7-2
A44: RW | B44: Regulation Wins
A45: ROW | B45: Regulation + OT Wins
A46: SOW | B46: Shoot Out Wins
A47: SOL | B47: Shoot Out Losses

Sheet Standings (11_2_25)
A1: Eastern Conference | T1: HOME
A2: Atlantic
A3: Team | B3: GP | C3: W | D3: L | E3: OTL | F3: PTS | G3: RW | H3: ROW | I3: SOW | J3: SOL | K3: Home | L3: Away | M3: Division | N3: Conference | O3: GF | P3: GA | Q3: Diff | R3: Strk | S3: L10
A4: Detroit Red Wings | B4: 13 | C4: 9 | D4: 4 | E4: 0 | F4: 18 | G4: 4 | H4: 7 | I4: 2 | J4: 0 | K4: 5-1-0 | L4: 4-3-0 | M4: 4-2-0 | N4: 4-3-0 | O4: 44 | P4: 41 | Q4: 3 | R4: W1 | S4: 7-3-0
A5: Montreal Canadiens | B5: 12 | C5: 9 | D5: 3 | E5: 0 | F5: 18 | G5: 4 | H5: 9 | I5: 0 | J5: 0 | K5: 4-1-0 | L5: 5-2-0 | M5: 3-1-0 | N5: 3-2-0 | O5: 44 | P5: 36 | Q5: 8 | R5: W3 | S5: 8-2-0
A6: Boston Bruins | B6: 14 | C6: 7 | D6: 7 | E6: 0 | F6: 14 | G6: 5 | H6: 7 | I6: 0 | J6: 0 | K6: 6-3-0 | L6: 1-4-0 | M6: 2-3-0 | N6: 5-3-0 | O6: 45 | P6: 48 | Q6: -3 | R6: W3 | S6: 4-6-0
A7: Ottawa Senators | B7: 13 | C7: 6 | D7: 5 | E7: 2 | F7: 14 | G7: 2 | H7: 4 | I7: 2 | J7: 0 | K7: 4-2-1 | L7: 2-3-1 | M7: 2-2-1 | N7: 4-3-1 | O7: 48 | P7: 51 | Q7: -3 | R7: L1 | S7: 5-3-2
A8: Tampa Bay Lightning | B8: 12 | C8: 6 | D8: 4 | E8: 2 | F8: 14 | G8: 4 | H8: 6 | I8: 0 | J8: 0 | K8: 3-3-0 | L8: 3-1-2 | M8: 1-1-1 | N8: 1-3-2 | O8: 35 | P8: 33 | Q8: 2 | R8: W5 | S8: 6-2-2
A9: Buffalo Sabres | B9: 12 | C9: 5 | D9: 4 | E9: 3 | F9: 13 | G9: 3 | H9: 4 | I9: 1 | J9: 0 | K9: 5-2-1 | L9: 0-2-2 | M9: 4-2-2 | N9: 5-3-3 | O9: 37 | P9: 38 | Q9: -1 | R9: W1 | S9: 5-2-3
A10: Florida Panthers | B10: 12 | C10: 6 | D10: 5 | E10: 1 | F10: 13 | G10: 4 | H10: 5 | I10: 1 | J10: 1 | K10: 5-1-1 | L10: 1-4-0 | M10: 2-2-0 | N10: 3-5-0 | O10: 31 | P10: 34 | Q10: -3 | R10: W1 | S10: 4-5-1
A11: Toronto Maple Leafs | B11: 12 | C11: 6 | D11: 5 | E11: 1 | F11: 13 | G11: 4 | H11: 6 | I11: 0 | J11: 0 | K11: 5-2-1 | L11: 1-3-0 | M11: 2-3-0 | N11: 4-5-0 | O11: 43 | P11: 44 | Q11: -1 | R11: W1 | S11: 5-4-1
A12: Metropolitan
A13: Team | B13: GP | C13: W | D13: L | E13: OTL | F13: PTS | G13: RW | H13: ROW | I13: SOW | J13: SOL | K13: Home | L13: Away | M13: Division | N13: Conference | O13: GF | P13: GA | Q13: Diff | R13: Strk | S13: L10
A14: New Jersey Devils | B14: 13 | C14: 9 | D14: 4 | E14: 0 | F14: 18 | G14: 8 | H14: 9 | I14: 0 | J14: 0 | K14: 5-0-0 | L14: 4-4-0 | M14: 1-1-0 | N14: 4-1-0 | O14: 46 | P14: 40 | Q14: 6 | R14: L1 | S14: 7-3-0
A15: Pittsburgh Penguins | B15: 13 | C15: 8 | D15: 3 | E15: 2 | F15: 18 | G15: 8 | H15: 8 | I15: 0 | J15: 2 | K15: 3-1-1 | L15: 5-2-1 | M15: 2-1-2 | N15: 3-1-2 | O15: 46 | P15: 36 | Q15: 10 | R15: L1 | S15: 6-2-2
A16: Carolina Hurricanes | B16: 11 | C16: 7 | D16: 4 | E16: 0 | F16: 14 | G16: 3 | H16: 6 | I16: 1 | J16: 0 | K16: 3-1-0 | L16: 4-3-0 | M16: 3-0-0 | N16: 3-1-0 | O16: 41 | P16: 32 | Q16: 9 | R16: L1 | S16: 6-4-0
A17: Columbus Blue Jackets | B17: 12 | C17: 7 | D17: 5 | E17: 0 | F17: 14 | G17: 4 | H17: 6 | I17: 1 | J17: 0 | K17: 3-3-0 | L17: 4-2-0 | M17: 1-3-0 | N17: 4-3-0 | O17: 40 | P17: 36 | Q17: 4 | R17: L1 | S17: 6-4-0
A18: New York Rangers | B18: 13 | C18: 6 | D18: 5 | E18: 2 | F18: 14 | G18: 4 | H18: 6 | I18: 0 | J18: 0 | K18: 0-4-1 | L18: 6-1-1 | M18: 1-2-0 | N18: 3-2-1 | O18: 31 | P18: 31 | Q18: 0 | R18: W3 | S18: 4-4-2
